bound_id,entity_type,entity_id,floor_price,ceiling_price,currency,max_daily_move_pct,max_weekly_move_pct,rounding_step,override_active,updated_at
pbd_ea9a13ee,room_type,rmt_d3c6ad86,5399.36,13318.41,INR,8,18,1.00,0,2026-08-18T10:00:00+05:30
pbd_6634d9dc,room_type,rmt_79ee35e1,6749.20,16648.02,INR,5,18,50.00,0,2026-08-18T10:00:00+05:30
pbd_cdff906c,room_type,rmt_654f0c33,8638.97,21309.47,INR,5,30,1.00,0,2026-08-18T10:00:00+05:30
pbd_d326baca,room_type,rmt_dc3186dc,11878.58,29300.50,INR,5,25,1.00,0,2026-08-18T10:00:00+05:30
pbd_09e1c6b1,room_type,rmt_6499086b,1331.66,3284.75,INR,5,18,10.00,0,2026-08-18T10:00:00+05:30
pbd_38277abc,room_type,rmt_b7b6d115,1664.57,4105.95,INR,5,25,1.00,0,2026-08-18T10:00:00+05:30
pbd_afd9aaf6,room_type,rmt_02c452c7,2130.65,5255.61,INR,15,30,10.00,0,2026-08-18T10:00:00+05:30
pbd_29d063a9,room_type,rmt_4f3886f8,2929.65,7226.47,INR,15,25,50.00,0,2026-08-18T10:00:00+05:30
pbd_e252060d,room_type,rmt_4d69cd72,2152.27,5308.93,INR,10,18,10.00,0,2026-08-18T10:00:00+05:30
pbd_ae3285f3,room_type,rmt_18090453,2690.33,6636.15,INR,10,18,1.00,0,2026-08-18T10:00:00+05:30
pbd_ef13b47d,room_type,rmt_062dea81,3443.63,8494.28,INR,10,30,1.00,1,2026-08-18T10:00:00+05:30
pbd_18efef8b,room_type,rmt_a1a42253,4734.99,11679.64,INR,5,25,1.00,0,2026-08-18T10:00:00+05:30
pbd_b05d055e,room_type,rmt_b2228b31,2658.01,6556.42,INR,10,25,10.00,0,2026-08-18T10:00:00+05:30
pbd_c25d9a32,room_type,rmt_f01a2942,3322.51,8195.52,INR,5,30,10.00,0,2026-08-18T10:00:00+05:30
pbd_c9c97f8f,room_type,rmt_8ca5526e,4252.81,10490.26,INR,15,25,50.00,0,2026-08-18T10:00:00+05:30
pbd_539d19fb,room_type,rmt_6b804d20,5847.62,14424.12,INR,5,18,50.00,0,2026-08-18T10:00:00+05:30
pbd_4e31b70d,room_type,rmt_0b9115b1,5066.35,12496.99,INR,10,30,50.00,0,2026-08-18T10:00:00+05:30
pbd_93287a48,room_type,rmt_16e525d2,6332.93,15621.23,INR,8,25,50.00,0,2026-08-18T10:00:00+05:30
pbd_19e3ae78,room_type,rmt_4da4065d,8106.16,19995.19,INR,15,18,10.00,0,2026-08-18T10:00:00+05:30
pbd_703c5228,room_type,rmt_1e984702,11145.97,27493.39,INR,10,18,1.00,0,2026-08-18T10:00:00+05:30
pbd_9686c07d,room_type,rmt_55863f33,1268.42,3128.76,INR,5,30,50.00,0,2026-08-18T10:00:00+05:30
pbd_00bfe0a4,room_type,rmt_693809d0,1585.52,3910.96,INR,8,30,10.00,0,2026-08-18T10:00:00+05:30
pbd_f4552b42,room_type,rmt_69fb5df6,2029.47,5006.03,INR,5,18,10.00,0,2026-08-18T10:00:00+05:30
pbd_3d1b4f4f,room_type,rmt_169b1014,2790.52,6883.28,INR,15,30,10.00,0,2026-08-18T10:00:00+05:30
pbd_a2e665cb,room_type,rmt_093f1827,4438.05,10947.19,INR,15,18,10.00,0,2026-08-18T10:00:00+05:30
pbd_b8cea295,room_type,rmt_95c0de07,5547.56,13683.99,INR,8,30,1.00,0,2026-08-18T10:00:00+05:30
pbd_7fa12b7c,room_type,rmt_466c1e57,7100.88,17515.50,INR,10,18,50.00,0,2026-08-18T10:00:00+05:30
pbd_61bc8928,room_type,rmt_498722f7,9763.71,24083.82,INR,5,30,1.00,0,2026-08-18T10:00:00+05:30
pbd_f81d05df,room_type,rmt_d7fc6eac,1673.71,4128.48,INR,5,30,50.00,0,2026-08-18T10:00:00+05:30
pbd_2acd8786,room_type,rmt_ce7264de,2092.13,5160.59,INR,8,30,10.00,0,2026-08-18T10:00:00+05:30
pbd_78412b62,room_type,rmt_4d20e260,2677.93,6605.55,INR,5,30,10.00,0,2026-08-18T10:00:00+05:30
pbd_8ae8d376,room_type,rmt_039a87b5,3682.16,9082.65,INR,5,18,10.00,0,2026-08-18T10:00:00+05:30
pbd_b8792d24,room_type,rmt_cbb0df6c,2573.59,6348.18,INR,5,25,10.00,0,2026-08-18T10:00:00+05:30
pbd_83b08901,room_type,rmt_8a3c3697,3216.98,7935.22,INR,5,18,10.00,0,2026-08-18T10:00:00+05:30
pbd_b7eb75a6,room_type,rmt_8203d582,4117.73,10157.07,INR,10,30,50.00,0,2026-08-18T10:00:00+05:30
pbd_e0410944,room_type,rmt_ebdd19b2,5661.89,13965.98,INR,8,25,1.00,1,2026-08-18T10:00:00+05:30
pbd_b5c5abf0,room_type,rmt_36ac3085,3733.76,9209.93,INR,10,18,10.00,0,2026-08-18T10:00:00+05:30
pbd_6335b689,room_type,rmt_eaf663ad,4667.19,11512.40,INR,15,18,10.00,0,2026-08-18T10:00:00+05:30
pbd_678996c7,room_type,rmt_c74c450f,5974.01,14735.88,INR,15,30,10.00,1,2026-08-18T10:00:00+05:30
pbd_918b16ec,room_type,rmt_d74c67e8,8214.26,20261.83,INR,5,30,1.00,0,2026-08-18T10:00:00+05:30
pbd_c57079f3,room_type,rmt_35141503,7877.58,19431.36,INR,5,30,50.00,0,2026-08-18T10:00:00+05:30
pbd_bf5e9354,room_type,rmt_18d4ad52,9846.98,24289.21,INR,5,18,50.00,0,2026-08-18T10:00:00+05:30
pbd_f8426600,room_type,rmt_f3f78d57,12604.13,31090.19,INR,5,30,1.00,1,2026-08-18T10:00:00+05:30
pbd_590044a0,room_type,rmt_67dcd384,17330.68,42749.00,INR,15,25,10.00,1,2026-08-18T10:00:00+05:30
pbd_ffe8d1c1,room_type,rmt_56ab8a0a,1215.59,2998.44,INR,10,30,1.00,0,2026-08-18T10:00:00+05:30
pbd_5ad0dd2e,room_type,rmt_87180367,1519.48,3748.04,INR,10,25,1.00,0,2026-08-18T10:00:00+05:30
pbd_e196688a,room_type,rmt_68485f3b,1944.94,4797.51,INR,5,18,10.00,0,2026-08-18T10:00:00+05:30
pbd_d9eff988,room_type,rmt_47767cdd,2674.28,6596.56,INR,15,18,1.00,0,2026-08-18T10:00:00+05:30
pbd_3e660c9c,room_type,rmt_eb1e0a09,2989.80,7374.84,INR,10,18,1.00,0,2026-08-18T10:00:00+05:30
pbd_6cb64569,room_type,rmt_ce8c8b08,3737.24,9218.53,INR,5,25,1.00,0,2026-08-18T10:00:00+05:30
pbd_397866c4,room_type,rmt_4d079c91,4783.67,11799.73,INR,5,30,50.00,0,2026-08-18T10:00:00+05:30
pbd_f75e5be0,room_type,rmt_74cb0474,6577.55,16224.63,INR,10,25,1.00,0,2026-08-18T10:00:00+05:30
pbd_e86f3778,room_type,rmt_bbe2ad27,2216.69,5467.84,INR,8,25,50.00,0,2026-08-18T10:00:00+05:30
pbd_1965ae89,room_type,rmt_65be3cc2,2770.86,6834.79,INR,5,25,50.00,0,2026-08-18T10:00:00+05:30
pbd_553840ab,room_type,rmt_32063ec7,3546.71,8748.54,INR,10,18,10.00,0,2026-08-18T10:00:00+05:30
pbd_e3e50fdf,room_type,rmt_67acf930,4876.72,12029.24,INR,10,30,10.00,0,2026-08-18T10:00:00+05:30
pbd_ab3e86d7,room_type,rmt_e995c07b,2586.65,6380.39,INR,10,25,1.00,0,2026-08-18T10:00:00+05:30
pbd_007f78c0,room_type,rmt_fb35debd,3233.30,7975.48,INR,5,30,10.00,0,2026-08-18T10:00:00+05:30
pbd_af60942e,room_type,rmt_81879895,4138.63,10208.61,INR,8,18,50.00,1,2026-08-18T10:00:00+05:30
pbd_ad0974f1,room_type,rmt_a50b1a34,5690.62,14036.86,INR,15,18,10.00,0,2026-08-18T10:00:00+05:30
pbd_dddc9c2e,room_type,rmt_1664a3ef,2841.91,7010.04,INR,8,30,10.00,0,2026-08-18T10:00:00+05:30
pbd_5e27897d,room_type,rmt_9a44634e,3552.38,8762.54,INR,10,25,10.00,0,2026-08-18T10:00:00+05:30
pbd_79d5ac1b,room_type,rmt_4b888cdb,4547.05,11216.05,INR,10,18,10.00,0,2026-08-18T10:00:00+05:30
pbd_b4593d40,room_type,rmt_4806123d,6252.19,15422.06,INR,8,18,10.00,0,2026-08-18T10:00:00+05:30
pbd_eeb42ae9,room_type,rmt_a499242d,4851.71,11967.56,INR,5,18,10.00,0,2026-08-18T10:00:00+05:30
pbd_fa9ee052,room_type,rmt_df2d2be7,6064.64,14959.43,INR,10,30,1.00,0,2026-08-18T10:00:00+05:30
pbd_c576fda9,room_type,rmt_0fc40170,7762.73,19148.07,INR,5,25,1.00,0,2026-08-18T10:00:00+05:30
pbd_42b4873a,room_type,rmt_ea1bc834,10673.76,26328.61,INR,15,30,10.00,0,2026-08-18T10:00:00+05:30
pbd_918dba50,room_type,rmt_f8b487b4,2441.64,6022.71,INR,5,25,1.00,0,2026-08-18T10:00:00+05:30
pbd_381d7085,room_type,rmt_6cc18233,3052.05,7528.39,INR,5,25,10.00,0,2026-08-18T10:00:00+05:30
pbd_48b7a6c1,room_type,rmt_79b9dffc,3906.62,9636.34,INR,10,18,1.00,0,2026-08-18T10:00:00+05:30
pbd_345f3cec,room_type,rmt_f6cc532b,5371.61,13249.96,INR,8,18,50.00,0,2026-08-18T10:00:00+05:30
pbd_778e12d7,room_type,rmt_fdc08ffa,4307.93,10626.23,INR,10,18,50.00,0,2026-08-18T10:00:00+05:30
pbd_44e96267,room_type,rmt_ba37d6d6,5384.92,13282.80,INR,15,30,10.00,0,2026-08-18T10:00:00+05:30
pbd_37d8568d,room_type,rmt_abf76879,6892.70,17001.98,INR,10,30,10.00,0,2026-08-18T10:00:00+05:30
pbd_8aab5034,room_type,rmt_f62c2e52,9477.46,23377.73,INR,10,30,50.00,0,2026-08-18T10:00:00+05:30
pbd_56f97cdf,room_type,rmt_8e329c08,1257.29,3101.30,INR,5,25,50.00,0,2026-08-18T10:00:00+05:30
pbd_6033694f,room_type,rmt_0d437b01,1571.60,3876.62,INR,15,30,50.00,0,2026-08-18T10:00:00+05:30
pbd_aae47d63,room_type,rmt_d98cf881,2011.65,4962.07,INR,8,30,1.00,0,2026-08-18T10:00:00+05:30
pbd_98f54ec3,room_type,rmt_28b68b92,2766.02,6822.86,INR,15,25,1.00,0,2026-08-18T10:00:00+05:30
pbd_5bd9d07f,room_type,rmt_26f79673,5800.61,14308.18,INR,5,18,1.00,0,2026-08-18T10:00:00+05:30
pbd_3988730b,room_type,rmt_88ce3091,7250.77,17885.23,INR,5,18,1.00,0,2026-08-18T10:00:00+05:30
pbd_ef5b68f4,room_type,rmt_f11f8933,9280.99,22893.10,INR,15,25,10.00,0,2026-08-18T10:00:00+05:30
pbd_8d40e86e,room_type,rmt_7da49a3b,12761.36,31478.01,INR,8,30,50.00,0,2026-08-18T10:00:00+05:30
pbd_6d962e07,room_type,rmt_55c522a8,2985.48,7364.18,INR,15,18,50.00,0,2026-08-18T10:00:00+05:30
pbd_28a9536f,room_type,rmt_b3a2ad07,3731.85,9205.23,INR,10,30,1.00,0,2026-08-18T10:00:00+05:30
pbd_9e9e716c,room_type,rmt_5ad272e6,4776.77,11782.71,INR,8,25,1.00,0,2026-08-18T10:00:00+05:30
pbd_265f5693,room_type,rmt_97174185,6568.06,16201.21,INR,5,30,1.00,0,2026-08-18T10:00:00+05:30
pbd_491df5d6,room_type,rmt_c7feb9b7,10949.96,27009.91,INR,8,25,1.00,0,2026-08-18T10:00:00+05:30
pbd_e8ab9b7a,room_type,rmt_80d53c61,13687.46,33762.39,INR,15,25,1.00,0,2026-08-18T10:00:00+05:30
pbd_3f181cbe,room_type,rmt_031c6f90,17519.94,43215.85,INR,10,30,1.00,0,2026-08-18T10:00:00+05:30
pbd_f368d0b8,room_type,rmt_a9cac23c,24089.92,59421.80,INR,8,25,1.00,0,2026-08-18T10:00:00+05:30
pbd_5241f04d,room_type,rmt_38d11d09,3775.04,9311.77,INR,10,25,10.00,0,2026-08-18T10:00:00+05:30
pbd_e932b113,room_type,rmt_3805cbd2,849.38,2095.14,INR,15,30,1.00,0,2026-08-18T10:00:00+05:30
pbd_84064a76,room_type,rmt_2db0c6c3,6040.07,14898.83,INR,8,30,10.00,0,2026-08-18T10:00:00+05:30
pbd_be4b1c5c,room_type,rmt_57ea2198,8305.10,20485.90,INR,10,30,50.00,0,2026-08-18T10:00:00+05:30
pbd_4acf9750,room_type,rmt_605d2d42,2797.58,6900.70,INR,10,18,50.00,0,2026-08-18T10:00:00+05:30
pbd_44cb37ab,room_type,rmt_e80871dd,3496.98,8625.88,INR,5,18,50.00,0,2026-08-18T10:00:00+05:30
pbd_04acbec4,room_type,rmt_4804f8a1,4476.14,11041.13,INR,10,25,10.00,0,2026-08-18T10:00:00+05:30
pbd_68c66140,room_type,rmt_f1aa536a,6154.69,15181.56,INR,10,18,10.00,0,2026-08-18T10:00:00+05:30
pbd_09aabee4,room_type,rmt_0b8a155f,4278.89,10554.58,INR,8,18,1.00,0,2026-08-18T10:00:00+05:30
pbd_3ad57ada,room_type,rmt_f63f6226,5348.60,13193.22,INR,8,30,50.00,0,2026-08-18T10:00:00+05:30
pbd_3f4cefca,room_type,rmt_1aa74dbb,6846.21,16887.32,INR,8,30,1.00,0,2026-08-18T10:00:00+05:30
pbd_4583c9a7,room_type,rmt_799621f4,9413.54,23220.07,INR,5,18,1.00,0,2026-08-18T10:00:00+05:30
pbd_7d793056,room_type,rmt_8ec9a685,4526.52,11165.42,INR,8,18,1.00,0,2026-08-18T10:00:00+05:30
pbd_9e653926,room_type,rmt_c946b4c2,5658.15,13956.77,INR,10,30,10.00,0,2026-08-18T10:00:00+05:30
pbd_55ffef77,room_type,rmt_2b67c1df,7242.44,17864.67,INR,5,30,1.00,0,2026-08-18T10:00:00+05:30
pbd_d81d8711,room_type,rmt_afec0845,9958.35,24563.93,INR,15,18,1.00,0,2026-08-18T10:00:00+05:30
pbd_1a0179b5,room_type,rmt_ddb7c473,2356.07,5811.63,INR,15,30,50.00,0,2026-08-18T10:00:00+05:30
pbd_0db2c257,room_type,rmt_9947d92b,2945.08,7264.52,INR,10,30,10.00,0,2026-08-18T10:00:00+05:30
pbd_6c1f37c6,room_type,rmt_762d6fb4,3769.70,9298.60,INR,10,18,10.00,0,2026-08-18T10:00:00+05:30
pbd_75dd94ae,room_type,rmt_275eaa9e,5183.34,12785.57,INR,10,18,50.00,0,2026-08-18T10:00:00+05:30
pbd_ba3bf953,room_type,rmt_3a584d76,2072.48,5112.11,INR,8,18,50.00,0,2026-08-18T10:00:00+05:30
pbd_2e044dc8,room_type,rmt_da45524e,2590.59,6390.12,INR,8,25,50.00,0,2026-08-18T10:00:00+05:30
pbd_6a8bc9e9,room_type,rmt_a990cc08,3315.96,8179.37,INR,5,18,10.00,0,2026-08-18T10:00:00+05:30
pbd_af4048d3,room_type,rmt_24f68d46,4559.45,11246.63,INR,5,30,10.00,0,2026-08-18T10:00:00+05:30
pbd_5b973c0b,room_type,rmt_d34a3325,10617.74,26190.43,INR,5,18,1.00,0,2026-08-18T10:00:00+05:30
pbd_0703e89d,room_type,rmt_06f0a27d,13272.18,32738.04,INR,15,30,10.00,0,2026-08-18T10:00:00+05:30
pbd_c15a90fd,room_type,rmt_869e7f7d,16988.39,41904.68,INR,15,25,50.00,0,2026-08-18T10:00:00+05:30
pbd_54945862,room_type,rmt_6a7df85e,23359.03,57618.93,INR,10,18,1.00,0,2026-08-18T10:00:00+05:30
pbd_56020e76,room_type,rmt_188dccb2,4535.03,11186.41,INR,5,30,1.00,0,2026-08-18T10:00:00+05:30
pbd_16a2ab68,room_type,rmt_3720831a,5668.79,13983.02,INR,10,25,1.00,0,2026-08-18T10:00:00+05:30
pbd_97e7b1fa,room_type,rmt_4cdda78e,7256.06,17898.27,INR,15,25,50.00,0,2026-08-18T10:00:00+05:30
pbd_2dfda41a,room_type,rmt_225fff85,9977.08,24610.12,INR,15,30,10.00,0,2026-08-18T10:00:00+05:30
pbd_cd9bc41e,room_type,rmt_088faae1,2586.35,6379.67,INR,10,30,10.00,0,2026-08-18T10:00:00+05:30
pbd_7ea38b1f,room_type,rmt_3f0b8e63,3232.94,7974.59,INR,10,30,1.00,0,2026-08-18T10:00:00+05:30
pbd_da816f52,room_type,rmt_91b575ba,4138.16,10207.47,INR,8,18,50.00,0,2026-08-18T10:00:00+05:30
pbd_bc291807,room_type,rmt_1e240f61,5689.97,14035.27,INR,15,30,1.00,0,2026-08-18T10:00:00+05:30
pbd_a6011b97,room_type,rmt_034dffff,4191.26,10338.43,INR,10,18,1.00,0,2026-08-18T10:00:00+05:30
pbd_92a3c597,room_type,rmt_7f9f494c,5239.07,12923.05,INR,5,25,10.00,0,2026-08-18T10:00:00+05:30
pbd_c7b55b76,room_type,rmt_632cc1f3,6706.01,16541.50,INR,5,30,1.00,0,2026-08-18T10:00:00+05:30
pbd_0b26ba0b,room_type,rmt_92601702,9220.76,22744.55,INR,5,18,1.00,0,2026-08-18T10:00:00+05:30
pbd_d666830d,room_type,rmt_7cebcac9,1433.71,3536.48,INR,5,18,50.00,0,2026-08-18T10:00:00+05:30
pbd_bca6c76b,room_type,rmt_7a6d1768,1792.14,4420.61,INR,10,18,1.00,0,2026-08-18T10:00:00+05:30
pbd_1d5b4b18,room_type,rmt_58eeb2ee,2293.94,5658.37,INR,15,30,50.00,0,2026-08-18T10:00:00+05:30
pbd_2112ad9c,room_type,rmt_bd571c9a,3154.16,7780.27,INR,8,25,1.00,0,2026-08-18T10:00:00+05:30
pbd_be8a618a,room_type,rmt_319a657b,1272.71,3139.36,INR,8,25,10.00,0,2026-08-18T10:00:00+05:30
pbd_bdbefe6f,room_type,rmt_fcb045a1,1590.89,3924.20,INR,10,25,10.00,0,2026-08-18T10:00:00+05:30
pbd_6f54aa21,room_type,rmt_e99927f7,2036.34,5022.97,INR,15,18,50.00,0,2026-08-18T10:00:00+05:30
pbd_c766328f,room_type,rmt_4be4b5c2,2799.97,6906.59,INR,15,30,10.00,0,2026-08-18T10:00:00+05:30
pbd_32d0bbec,room_type,rmt_236b4df9,5576.36,13755.03,INR,15,25,10.00,0,2026-08-18T10:00:00+05:30
pbd_c8970416,room_type,rmt_616f0ab4,6970.45,17193.77,INR,15,18,1.00,0,2026-08-18T10:00:00+05:30
pbd_c91722c2,room_type,rmt_9abeddeb,8922.18,22008.04,INR,10,25,1.00,0,2026-08-18T10:00:00+05:30
pbd_dbac0c02,room_type,rmt_56416285,12268.00,30261.06,INR,10,30,1.00,0,2026-08-18T10:00:00+05:30
pbd_25081da1,room_type,rmt_315d2584,2943.41,7260.40,INR,10,30,1.00,0,2026-08-18T10:00:00+05:30
pbd_d88e21ea,room_type,rmt_5951d936,3679.26,9075.51,INR,8,30,1.00,0,2026-08-18T10:00:00+05:30
pbd_7e8b937e,room_type,rmt_4f1d0d38,4709.45,11616.65,INR,8,18,1.00,0,2026-08-18T10:00:00+05:30
pbd_5d1006d0,room_type,rmt_9a171b36,6475.50,15972.90,INR,8,25,1.00,0,2026-08-18T10:00:00+05:30
pbd_97f797c0,room_type,rmt_c015a465,5800.55,14308.03,INR,5,18,1.00,0,2026-08-18T10:00:00+05:30
pbd_78b1a501,room_type,rmt_3e0f14b7,7250.69,17885.02,INR,8,30,50.00,0,2026-08-18T10:00:00+05:30
pbd_578ad7c9,room_type,rmt_4432ea46,9280.88,22892.84,INR,10,25,1.00,0,2026-08-18T10:00:00+05:30
pbd_9fd70e56,room_type,rmt_ad2452fd,12761.21,31477.66,INR,10,25,1.00,0,2026-08-18T10:00:00+05:30
pbd_7d96ee58,room_type,rmt_0b8a6b18,1938.88,4782.56,INR,10,18,50.00,0,2026-08-18T10:00:00+05:30
pbd_8ef2e3ec,room_type,rmt_44d57f99,2423.60,5978.22,INR,5,18,50.00,0,2026-08-18T10:00:00+05:30
pbd_54532bf8,room_type,rmt_67bc39b7,3102.21,7652.12,INR,15,25,50.00,0,2026-08-18T10:00:00+05:30
pbd_8c6127c7,room_type,rmt_b8fc1bd0,23460.47,57869.15,INR,5,18,50.00,0,2026-08-18T10:00:00+05:30
pbd_216654f5,room_type,rmt_f72ec4e5,4362.37,10760.51,INR,15,25,1.00,1,2026-08-18T10:00:00+05:30
pbd_38c0386c,room_type,rmt_b4972b6b,5452.97,13450.65,INR,8,18,50.00,0,2026-08-18T10:00:00+05:30
pbd_2de964f6,room_type,rmt_a2bd4417,6979.79,17216.82,INR,15,30,10.00,0,2026-08-18T10:00:00+05:30
pbd_1e9e1013,room_type,rmt_9e3a33aa,9597.22,23673.14,INR,15,30,50.00,0,2026-08-18T10:00:00+05:30
pbd_e898772f,room_type,rmt_3bf92d12,8557.91,21109.52,INR,10,30,50.00,0,2026-08-18T10:00:00+05:30
pbd_91510568,room_type,rmt_03e3757c,10697.39,26386.88,INR,15,30,1.00,0,2026-08-18T10:00:00+05:30
pbd_80b28068,room_type,rmt_37928dbf,75309.61,185763.70,INR,15,25,50.00,0,2026-08-18T10:00:00+05:30
pbd_15d857e8,room_type,rmt_2ecf1620,18827.40,46440.92,INR,8,18,10.00,0,2026-08-18T10:00:00+05:30
pbd_5226c6a7,room_type,rmt_090d2307,8297.81,20467.92,INR,5,18,50.00,0,2026-08-18T10:00:00+05:30
pbd_ef7ce8f9,room_type,rmt_f41a96ee,10372.26,25584.91,INR,8,18,50.00,0,2026-08-18T10:00:00+05:30
pbd_eaf9b849,room_type,rmt_ce0551dd,13276.49,32748.68,INR,5,18,1.00,0,2026-08-18T10:00:00+05:30
pbd_e3d23bea,room_type,rmt_a8f140d8,18255.18,45029.44,INR,5,30,50.00,0,2026-08-18T10:00:00+05:30
pbd_f6bf3d77,room_type,rmt_54db1870,1665.40,4107.98,INR,15,18,1.00,0,2026-08-18T10:00:00+05:30
pbd_612565ee,room_type,rmt_9145d827,2081.75,5134.97,INR,5,25,1.00,0,2026-08-18T10:00:00+05:30
pbd_56dd6d4d,room_type,rmt_76f62025,2664.64,6572.77,INR,5,25,50.00,0,2026-08-18T10:00:00+05:30
pbd_99ef7a17,room_type,rmt_f09dd267,3663.88,9037.56,INR,15,30,50.00,0,2026-08-18T10:00:00+05:30
pbd_bd1dc38d,room_type,rmt_465c592e,5056.93,12473.75,INR,5,25,50.00,0,2026-08-18T10:00:00+05:30
pbd_c3042897,room_type,rmt_f7c68cca,6321.17,15592.21,INR,5,25,10.00,0,2026-08-18T10:00:00+05:30
pbd_26e79aaf,room_type,rmt_23e56fd9,8091.09,19958.02,INR,10,30,10.00,0,2026-08-18T10:00:00+05:30
pbd_03523de1,room_type,rmt_61db34ed,11125.25,27442.27,INR,8,25,50.00,0,2026-08-18T10:00:00+05:30
pbd_07d3336f,room_type,rmt_f5a6d0c3,2974.05,7335.99,INR,10,25,50.00,0,2026-08-18T10:00:00+05:30
pbd_f74b7ec0,room_type,rmt_f782afc8,3717.57,9170.01,INR,5,18,50.00,0,2026-08-18T10:00:00+05:30
pbd_a9311e36,room_type,rmt_1805b104,4758.49,11737.60,INR,10,18,50.00,0,2026-08-18T10:00:00+05:30
pbd_3e12ea59,room_type,rmt_81e245d4,6542.92,16139.20,INR,5,25,50.00,0,2026-08-18T10:00:00+05:30
pbd_8c5f70cd,room_type,rmt_afbf54c3,2963.98,7311.14,INR,15,18,1.00,0,2026-08-18T10:00:00+05:30
pbd_634baae6,room_type,rmt_5868aefd,3704.97,9138.93,INR,15,18,1.00,0,2026-08-18T10:00:00+05:30
pbd_78bd127d,room_type,rmt_64346e8a,4742.36,11697.83,INR,5,30,50.00,0,2026-08-18T10:00:00+05:30
pbd_9c1e3e36,room_type,rmt_aacaeea2,6520.75,16084.51,INR,5,18,1.00,1,2026-08-18T10:00:00+05:30
pbd_aeb983c9,room_type,rmt_a79553dd,5286.47,13039.95,INR,5,18,50.00,0,2026-08-18T10:00:00+05:30
pbd_cbe16060,room_type,rmt_2a598ebb,6608.09,16299.94,INR,8,18,10.00,0,2026-08-18T10:00:00+05:30
pbd_9a28d3a0,room_type,rmt_9273b587,8458.35,20863.93,INR,15,30,1.00,0,2026-08-18T10:00:00+05:30
pbd_34b1b106,room_type,rmt_a4546207,11630.23,28687.89,INR,15,18,1.00,0,2026-08-18T10:00:00+05:30
pbd_cf4eb629,room_type,rmt_3334f1db,10725.59,26456.46,INR,5,30,1.00,0,2026-08-18T10:00:00+05:30
pbd_b4193790,room_type,rmt_e56009dd,2437.64,6012.83,INR,10,30,50.00,1,2026-08-18T10:00:00+05:30
pbd_f41d3384,room_type,rmt_9e7cce83,3120.17,7696.43,INR,10,18,1.00,0,2026-08-18T10:00:00+05:30
pbd_5ff87c70,room_type,rmt_aca68442,4290.24,10582.59,INR,15,25,1.00,0,2026-08-18T10:00:00+05:30
pbd_2865fd93,room_type,rmt_2de3c592,10561.31,26051.22,INR,15,18,1.00,0,2026-08-18T10:00:00+05:30
pbd_b9770bd5,room_type,rmt_ff826355,13201.63,32564.01,INR,10,30,10.00,0,2026-08-18T10:00:00+05:30
pbd_37c7d025,room_type,rmt_0c4e074c,16898.09,41681.94,INR,10,18,50.00,0,2026-08-18T10:00:00+05:30
pbd_bb0d6164,room_type,rmt_5a97e8a0,23234.87,57312.67,INR,10,18,50.00,0,2026-08-18T10:00:00+05:30
pbd_d6f8ab9f,room_type,rmt_3b3f28a1,1956.31,4825.56,INR,8,25,1.00,0,2026-08-18T10:00:00+05:30
pbd_f0edfdfc,room_type,rmt_201a160d,2445.38,6031.94,INR,5,25,10.00,0,2026-08-18T10:00:00+05:30
pbd_ffe08091,room_type,rmt_e539203f,3130.10,7720.90,INR,15,25,10.00,0,2026-08-18T10:00:00+05:30
pbd_ed9de66a,room_type,rmt_fc43c21f,4303.88,10616.23,INR,15,18,50.00,0,2026-08-18T10:00:00+05:30
pbd_d3a75086,room_type,rmt_e11b20fc,7987.08,19701.46,INR,5,25,1.00,0,2026-08-18T10:00:00+05:30
pbd_643938c2,room_type,rmt_419d3a58,9983.85,24626.83,INR,15,25,10.00,0,2026-08-18T10:00:00+05:30
pbd_093f3c26,room_type,rmt_b9868e2d,12779.33,31522.35,INR,10,25,1.00,0,2026-08-18T10:00:00+05:30
pbd_2750ffc9,room_type,rmt_71da0158,17571.58,43343.22,INR,10,18,10.00,0,2026-08-18T10:00:00+05:30
pbd_bfdcafc7,room_type,rmt_963ad866,2216.38,5467.06,INR,10,30,10.00,0,2026-08-18T10:00:00+05:30
pbd_b43930ed,room_type,rmt_edd5323e,2770.48,6833.84,INR,5,18,1.00,0,2026-08-18T10:00:00+05:30
pbd_d1e0c4cd,room_type,rmt_db3ec392,3546.21,8747.32,INR,8,25,1.00,0,2026-08-18T10:00:00+05:30
pbd_0d5bfc66,room_type,rmt_d4ace0f4,4876.04,12027.55,INR,10,18,1.00,0,2026-08-18T10:00:00+05:30
pbd_23f38ebe,room_type,rmt_7aedb95f,5133.53,12662.70,INR,5,30,1.00,0,2026-08-18T10:00:00+05:30
pbd_a30bb097,room_type,rmt_e6e267b9,6416.90,15828.36,INR,10,18,1.00,0,2026-08-18T10:00:00+05:30
pbd_9da3897d,room_type,rmt_5826708f,8213.63,20260.29,INR,8,25,1.00,0,2026-08-18T10:00:00+05:30
pbd_40067e11,room_type,rmt_372183b1,11293.75,27857.91,INR,10,25,50.00,0,2026-08-18T10:00:00+05:30
pbd_d01c2f76,room_type,rmt_51b7ae14,1569.88,3872.36,INR,5,30,1.00,0,2026-08-18T10:00:00+05:30
pbd_10021da4,room_type,rmt_cf4717f5,1962.35,4840.45,INR,8,18,50.00,0,2026-08-18T10:00:00+05:30
pbd_4f8bc782,room_type,rmt_48c1970b,2511.80,6195.78,INR,8,25,10.00,0,2026-08-18T10:00:00+05:30
pbd_812d02ac,room_type,rmt_8ae47434,3453.73,8519.19,INR,15,30,1.00,0,2026-08-18T10:00:00+05:30
pbd_ace113b8,room_type,rmt_3e369548,1674.16,4129.59,INR,8,18,1.00,0,2026-08-18T10:00:00+05:30
pbd_a78f7259,room_type,rmt_1b2435c6,2092.70,5161.98,INR,5,18,1.00,0,2026-08-18T10:00:00+05:30
pbd_f7b6a2a0,room_type,rmt_73d9920d,2678.66,6607.35,INR,5,18,1.00,0,2026-08-18T10:00:00+05:30
pbd_6b069fa6,room_type,rmt_ddfb7c69,3683.15,9085.09,INR,5,25,50.00,0,2026-08-18T10:00:00+05:30
pbd_3903b96d,room_type,rmt_0d517e28,4688.15,11564.11,INR,8,18,1.00,0,2026-08-18T10:00:00+05:30
pbd_1c0767ca,room_type,rmt_0f009220,5860.19,14455.14,INR,15,25,50.00,0,2026-08-18T10:00:00+05:30
pbd_b28f4a6c,room_type,rmt_86ef7278,7501.04,18502.57,INR,8,30,50.00,0,2026-08-18T10:00:00+05:30
pbd_a5fc2ce0,room_type,rmt_296871dc,10313.93,25441.03,INR,8,25,10.00,0,2026-08-18T10:00:00+05:30
pbd_526b6063,room_type,rmt_2678c966,1191.12,2938.10,INR,10,25,10.00,0,2026-08-18T10:00:00+05:30
pbd_c7e54f74,room_type,rmt_db3de30c,1488.90,3672.62,INR,5,30,50.00,0,2026-08-18T10:00:00+05:30
pbd_ae5bd5bb,room_type,rmt_b0159276,1905.80,4700.96,INR,15,30,10.00,0,2026-08-18T10:00:00+05:30
pbd_1348f3aa,room_type,rmt_ee15aca6,2620.47,6463.83,INR,5,18,10.00,0,2026-08-18T10:00:00+05:30
pbd_c05df4e7,room_type,rmt_dd931f5b,4797.40,11833.58,INR,8,18,10.00,0,2026-08-18T10:00:00+05:30
pbd_04ef350e,room_type,rmt_6b160278,5996.75,14791.99,INR,8,18,1.00,0,2026-08-18T10:00:00+05:30
pbd_e344f5df,room_type,rmt_15de3a69,7675.84,18933.73,INR,5,30,50.00,0,2026-08-18T10:00:00+05:30
pbd_1a5f82ab,room_type,rmt_db78dfab,10554.29,26033.90,INR,15,25,1.00,0,2026-08-18T10:00:00+05:30
pbd_eebf25f5,room_type,rmt_6c573e06,2537.48,6259.12,INR,8,18,10.00,0,2026-08-18T10:00:00+05:30
pbd_a3c984f3,room_type,rmt_c5a671f6,3171.85,7823.89,INR,10,30,1.00,0,2026-08-18T10:00:00+05:30
pbd_5d89b761,room_type,rmt_1afa9c98,4059.97,10014.59,INR,5,30,1.00,0,2026-08-18T10:00:00+05:30
pbd_b37c6818,room_type,rmt_67e1e532,5582.45,13770.05,INR,10,25,1.00,0,2026-08-18T10:00:00+05:30
pbd_df4127ba,room_type,rmt_db8d07d3,5360.17,13221.75,INR,10,30,1.00,0,2026-08-18T10:00:00+05:30
pbd_3588285a,room_type,rmt_7943a300,6700.22,16527.20,INR,5,25,50.00,0,2026-08-18T10:00:00+05:30
pbd_042c35df,room_type,rmt_3d4d5716,8576.27,21154.81,INR,15,18,50.00,0,2026-08-18T10:00:00+05:30
pbd_56808f18,room_type,rmt_79cb87ec,11792.37,29087.85,INR,15,18,10.00,0,2026-08-18T10:00:00+05:30
pbd_8512e34a,room_type,rmt_d1499d65,8737.17,21551.69,INR,5,30,1.00,0,2026-08-18T10:00:00+05:30
pbd_782d5a35,room_type,rmt_28c9b46c,10921.46,26939.61,INR,8,30,50.00,0,2026-08-18T10:00:00+05:30
pbd_5f746442,room_type,rmt_a7956122,13979.47,34482.69,INR,15,30,50.00,1,2026-08-18T10:00:00+05:30
pbd_97aa3f05,room_type,rmt_0cd82f06,19221.77,47413.71,INR,15,25,50.00,0,2026-08-18T10:00:00+05:30
pbd_3f16f332,room_type,rmt_f7b8722c,2866.31,7070.22,INR,5,18,50.00,0,2026-08-18T10:00:00+05:30
pbd_851ec16b,room_type,rmt_5b75d1bb,3582.88,8837.76,INR,15,25,10.00,0,2026-08-18T10:00:00+05:30
pbd_3cf2e88e,room_type,rmt_54abd084,4586.09,11312.34,INR,5,30,10.00,0,2026-08-18T10:00:00+05:30
pbd_1eed1de4,room_type,rmt_8f603e4f,6305.87,15554.47,INR,5,18,1.00,1,2026-08-18T10:00:00+05:30
pbd_58b8cb36,room_type,rmt_8f366505,1664.10,4104.78,INR,8,25,1.00,1,2026-08-18T10:00:00+05:30
pbd_18af0e9a,room_type,rmt_281cdffe,2080.13,5130.98,INR,10,30,50.00,0,2026-08-18T10:00:00+05:30
pbd_d3999eba,room_type,rmt_4163a512,2662.56,6567.65,INR,5,18,10.00,0,2026-08-18T10:00:00+05:30
pbd_f4423efb,room_type,rmt_5205cb45,3661.02,9030.52,INR,10,25,10.00,1,2026-08-18T10:00:00+05:30
pbd_da034a2d,room_type,rmt_923a8916,1458.26,3597.05,INR,10,30,10.00,0,2026-08-18T10:00:00+05:30
pbd_bad62731,room_type,rmt_aca31c09,1822.83,4496.31,INR,10,18,10.00,0,2026-08-18T10:00:00+05:30
pbd_065525d6,room_type,rmt_1aa70708,2333.22,5755.28,INR,10,18,50.00,0,2026-08-18T10:00:00+05:30
pbd_7da262e2,room_type,rmt_f151034c,3208.18,7913.50,INR,5,18,10.00,0,2026-08-18T10:00:00+05:30
pbd_4fdc181a,room_type,rmt_84950119,4025.33,9929.15,INR,5,30,10.00,0,2026-08-18T10:00:00+05:30
pbd_cfa006f3,room_type,rmt_eafcf781,5031.66,12411.43,INR,10,30,1.00,0,2026-08-18T10:00:00+05:30
pbd_7a1d9bc2,room_type,rmt_dec6e52e,6440.53,15886.63,INR,10,18,10.00,0,2026-08-18T10:00:00+05:30
pbd_2e401e80,room_type,rmt_050e238e,8855.72,21844.12,INR,15,30,50.00,0,2026-08-18T10:00:00+05:30
pbd_fab4eab3,room_type,rmt_2dd1de63,8635.24,21300.25,INR,10,30,1.00,0,2026-08-18T10:00:00+05:30
pbd_047153ab,room_type,rmt_48fcd6e9,10794.05,26625.31,INR,5,30,10.00,0,2026-08-18T10:00:00+05:30
pbd_53ab5f78,room_type,rmt_4477c345,13816.38,34080.40,INR,10,18,1.00,0,2026-08-18T10:00:00+05:30
pbd_0eee5673,room_type,rmt_bff5ea54,18997.52,46860.56,INR,8,25,10.00,0,2026-08-18T10:00:00+05:30
pbd_871550cf,room_type,rmt_b6e168a7,1209.79,2984.14,INR,10,30,1.00,0,2026-08-18T10:00:00+05:30
pbd_c8fcf1b3,room_type,rmt_3f20cfe3,1512.24,3730.19,INR,10,18,1.00,0,2026-08-18T10:00:00+05:30
pbd_bf71422e,room_type,rmt_2e6b37c4,1935.66,4774.63,INR,5,30,10.00,0,2026-08-18T10:00:00+05:30
pbd_d1d16b1c,room_type,rmt_40239d2c,2661.54,6565.13,INR,15,30,50.00,0,2026-08-18T10:00:00+05:30
pbd_758c261f,room_type,rmt_363b952e,7816.82,19281.48,INR,15,30,1.00,0,2026-08-18T10:00:00+05:30
pbd_02ced605,room_type,rmt_89a1197c,9771.02,24101.86,INR,8,25,10.00,0,2026-08-18T10:00:00+05:30
pbd_13a4fab5,room_type,rmt_22c2a674,12506.91,30850.38,INR,15,18,1.00,0,2026-08-18T10:00:00+05:30
pbd_3896ac5f,room_type,rmt_58af0d23,17197.00,42419.26,INR,5,18,10.00,0,2026-08-18T10:00:00+05:30
pbd_039da6d1,room_type,rmt_e156013c,267.08,658.80,INR,15,18,1.00,1,2026-08-18T10:00:00+05:30
pbd_e0fd75d6,room_type,rmt_f7dde849,1854.73,4574.99,INR,10,30,10.00,0,2026-08-18T10:00:00+05:30
pbd_117de03b,room_type,rmt_bfbec016,2374.05,5855.99,INR,5,30,10.00,0,2026-08-18T10:00:00+05:30
pbd_92f45b78,room_type,rmt_25f397a2,3264.32,8052.00,INR,8,25,1.00,0,2026-08-18T10:00:00+05:30
pbd_56a3f56f,room_type,rmt_c867633e,11216.82,27668.16,INR,10,25,1.00,1,2026-08-18T10:00:00+05:30
pbd_89e0e0cd,room_type,rmt_032042e7,14021.03,34585.20,INR,10,30,1.00,0,2026-08-18T10:00:00+05:30
pbd_1993cb6a,room_type,rmt_cd58fb6c,17946.92,44269.06,INR,10,25,10.00,0,2026-08-18T10:00:00+05:30
pbd_e8eb6960,room_type,rmt_e67cfa4b,24677.01,60869.96,INR,10,18,10.00,0,2026-08-18T10:00:00+05:30
pbd_703ffa7f,room_type,rmt_94a3c5f2,2427.53,5987.91,INR,5,30,10.00,0,2026-08-18T10:00:00+05:30
pbd_8897d94b,room_type,rmt_9c7f9ef3,3034.42,7484.90,INR,10,25,10.00,0,2026-08-18T10:00:00+05:30
pbd_e22d905e,room_type,rmt_e1c91b66,3884.06,9580.67,INR,15,18,50.00,0,2026-08-18T10:00:00+05:30
pbd_732569b8,room_type,rmt_4a3554c4,5340.57,13173.41,INR,5,18,50.00,0,2026-08-18T10:00:00+05:30
pbd_ce4daa28,room_type,rmt_4def1ddd,4704.19,11603.66,INR,8,30,50.00,0,2026-08-18T10:00:00+05:30
pbd_01bbca9c,room_type,rmt_f2f2c965,5880.24,14504.59,INR,8,30,1.00,0,2026-08-18T10:00:00+05:30
pbd_2581848d,room_type,rmt_31045f8d,7526.71,18565.88,INR,8,18,50.00,0,2026-08-18T10:00:00+05:30
pbd_0b8f97ad,room_type,rmt_b8d9eb24,10349.22,25528.08,INR,10,30,1.00,0,2026-08-18T10:00:00+05:30
pbd_62b6153e,room_type,rmt_a99668b1,1970.68,4861.00,INR,5,25,10.00,0,2026-08-18T10:00:00+05:30
pbd_b30e49f8,room_type,rmt_1d640259,2463.35,6076.27,INR,5,25,10.00,0,2026-08-18T10:00:00+05:30
pbd_4dbe0c6d,room_type,rmt_160cfd98,3153.09,7777.62,INR,10,18,50.00,0,2026-08-18T10:00:00+05:30
pbd_7a4b34d7,room_type,rmt_000c0568,4335.50,10694.22,INR,10,18,10.00,0,2026-08-18T10:00:00+05:30
pbd_efb437aa,room_type,rmt_712b5e11,10539.47,25997.37,INR,10,30,50.00,0,2026-08-18T10:00:00+05:30
pbd_f3d8b7ca,room_type,rmt_a6f63f5a,13174.34,32496.69,INR,15,25,1.00,0,2026-08-18T10:00:00+05:30
pbd_2652838d,room_type,rmt_5742e95a,16863.15,41595.77,INR,8,25,10.00,0,2026-08-18T10:00:00+05:30
pbd_c991e47b,room_type,rmt_afa1e735,23186.84,57194.19,INR,5,18,1.00,0,2026-08-18T10:00:00+05:30
pbd_940bb691,room_type,rmt_5ad7ba13,8607.51,21231.86,INR,10,18,1.00,0,2026-08-18T10:00:00+05:30
pbd_bae7ad7c,room_type,rmt_d6753252,10759.39,26539.82,INR,8,30,10.00,0,2026-08-18T10:00:00+05:30
pbd_b29b4c70,room_type,rmt_fa2ef6ea,13772.01,33970.96,INR,5,30,50.00,0,2026-08-18T10:00:00+05:30
pbd_b03255c0,room_type,rmt_ec814c1b,18936.52,46710.08,INR,8,18,1.00,1,2026-08-18T10:00:00+05:30
pbd_b22c65d0,room_type,rmt_e788942c,1984.32,4894.66,INR,5,25,10.00,0,2026-08-18T10:00:00+05:30
pbd_012c8b45,room_type,rmt_0984138d,2480.41,6118.34,INR,8,18,50.00,0,2026-08-18T10:00:00+05:30
pbd_d65d84c6,room_type,rmt_b98688cb,3174.92,7831.46,INR,10,18,10.00,0,2026-08-18T10:00:00+05:30
pbd_f84114b3,room_type,rmt_2be23202,4365.51,10768.26,INR,5,18,50.00,0,2026-08-18T10:00:00+05:30
pbd_61cb2140,room_type,rmt_42ee9a69,2927.31,7220.70,INR,15,30,1.00,0,2026-08-18T10:00:00+05:30
pbd_93ad763a,room_type,rmt_ce262e92,3659.15,9025.89,INR,10,18,10.00,0,2026-08-18T10:00:00+05:30
pbd_6879fafd,room_type,rmt_41f20a24,4683.71,11553.14,INR,8,25,50.00,0,2026-08-18T10:00:00+05:30
pbd_3dc0348d,room_type,rmt_8c0f9254,6440.09,15885.56,INR,5,18,50.00,0,2026-08-18T10:00:00+05:30
pbd_d2747ed6,room_type,rmt_21f02a51,1296.17,3197.21,INR,10,25,1.00,0,2026-08-18T10:00:00+05:30
pbd_b8ce549e,room_type,rmt_a831ecbe,1620.20,3996.50,INR,10,18,1.00,0,2026-08-18T10:00:00+05:30
pbd_4449fb68,room_type,rmt_25f29e90,2073.86,5115.53,INR,10,25,1.00,0,2026-08-18T10:00:00+05:30
pbd_75e44901,room_type,rmt_27a442c4,2851.55,7033.83,INR,5,30,10.00,0,2026-08-18T10:00:00+05:30
pbd_034c0ebe,room_type,rmt_c4bb0df8,1981.99,4888.90,INR,15,30,10.00,0,2026-08-18T10:00:00+05:30
pbd_2836adae,room_type,rmt_5408036b,2477.48,6111.12,INR,5,18,10.00,0,2026-08-18T10:00:00+05:30
pbd_12f75b19,room_type,rmt_a89f152d,3171.18,7822.24,INR,10,18,50.00,1,2026-08-18T10:00:00+05:30
pbd_d9e2ec3d,room_type,rmt_61459536,4360.37,10755.57,INR,15,25,1.00,0,2026-08-18T10:00:00+05:30
pbd_9096b187,room_type,rmt_c2b24a4a,4731.16,11670.19,INR,8,30,1.00,0,2026-08-18T10:00:00+05:30
pbd_fbae857d,room_type,rmt_fe4c30eb,5913.95,14587.75,INR,5,30,50.00,0,2026-08-18T10:00:00+05:30
pbd_c109776f,room_type,rmt_0113eeb3,7569.86,18672.31,INR,8,30,1.00,0,2026-08-18T10:00:00+05:30
pbd_ce1acebd,room_type,rmt_ff9c44ca,10408.55,25674.43,INR,5,25,1.00,0,2026-08-18T10:00:00+05:30
pbd_c0fd569a,room_type,rmt_0f9bc16e,2455.82,6057.70,INR,10,30,10.00,0,2026-08-18T10:00:00+05:30
pbd_ae2b7301,room_type,rmt_3cd4eb6d,3069.77,7572.11,INR,8,18,1.00,0,2026-08-18T10:00:00+05:30
pbd_747573f8,room_type,rmt_014d864d,3929.31,9692.30,INR,5,25,50.00,0,2026-08-18T10:00:00+05:30
pbd_1bfc2dbe,room_type,rmt_4f3fa69d,5402.81,13326.92,INR,15,18,10.00,0,2026-08-18T10:00:00+05:30
pbd_d5f24e59,room_type,rmt_37a43ed3,2229.75,5500.05,INR,10,18,10.00,0,2026-08-18T10:00:00+05:30
pbd_51b85a77,room_type,rmt_3a8fdf65,2787.20,6875.08,INR,8,18,10.00,0,2026-08-18T10:00:00+05:30
pbd_b6d3faf6,room_type,rmt_0a4424bd,3567.61,8800.10,INR,8,25,50.00,0,2026-08-18T10:00:00+05:30
pbd_b7c93358,room_type,rmt_b3b1eab5,4905.46,12100.13,INR,8,25,50.00,0,2026-08-18T10:00:00+05:30
pbd_8ca47711,room_type,rmt_06a3711f,1109.35,2736.39,INR,5,18,50.00,1,2026-08-18T10:00:00+05:30
pbd_0de79c8f,room_type,rmt_71adb7eb,1386.68,3420.48,INR,10,18,50.00,0,2026-08-18T10:00:00+05:30
pbd_b6511d19,room_type,rmt_2e70cc92,1774.95,4378.21,INR,5,18,1.00,0,2026-08-18T10:00:00+05:30
pbd_b1ef83fa,room_type,rmt_e83b097a,2440.56,6020.05,INR,5,30,50.00,1,2026-08-18T10:00:00+05:30
pbd_67c2f6bb,room_type,rmt_351c3194,2221.65,5480.07,INR,8,25,1.00,0,2026-08-18T10:00:00+05:30
pbd_673bb485,room_type,rmt_74c057c9,2777.06,6850.09,INR,8,30,1.00,0,2026-08-18T10:00:00+05:30
pbd_d9bd3dc1,room_type,rmt_53e05e64,3554.63,8768.09,INR,5,18,50.00,0,2026-08-18T10:00:00+05:30
pbd_bba84b94,room_type,rmt_69b4a71d,4887.62,12056.14,INR,10,18,1.00,0,2026-08-18T10:00:00+05:30
pbd_b202a4bf,room_type,rmt_d0f7d9a3,2162.06,5333.07,INR,5,30,1.00,0,2026-08-18T10:00:00+05:30
pbd_6d7714c6,room_type,rmt_bb6fd965,2702.57,6666.35,INR,8,18,10.00,0,2026-08-18T10:00:00+05:30
pbd_45c105a3,room_type,rmt_50ad8a4a,3459.29,8532.92,INR,5,25,50.00,0,2026-08-18T10:00:00+05:30
pbd_76587403,room_type,rmt_9c46aba3,4756.52,11732.76,INR,10,18,1.00,0,2026-08-18T10:00:00+05:30
pbd_3b851348,room_type,rmt_1ccb5b81,4938.05,12180.53,INR,15,25,50.00,0,2026-08-18T10:00:00+05:30
pbd_a0619b4e,room_type,rmt_e1c75857,6172.57,15225.67,INR,8,18,10.00,0,2026-08-18T10:00:00+05:30
pbd_f0d2631c,room_type,rmt_bde6c4e8,7900.88,19488.84,INR,5,18,50.00,0,2026-08-18T10:00:00+05:30
pbd_0cc276d8,room_type,rmt_e92e5f89,10863.72,26797.18,INR,5,25,1.00,0,2026-08-18T10:00:00+05:30
pbd_8eb475a6,room_type,rmt_71f221d5,2818.37,6951.99,INR,10,30,50.00,0,2026-08-18T10:00:00+05:30
pbd_54eea653,room_type,rmt_36e72487,3522.97,8689.99,INR,10,18,1.00,0,2026-08-18T10:00:00+05:30
pbd_3a15c7d7,room_type,rmt_00657163,4509.40,11123.18,INR,5,30,50.00,0,2026-08-18T10:00:00+05:30
pbd_938a54a0,room_type,rmt_c7b8ff94,6200.42,15294.38,INR,5,18,10.00,0,2026-08-18T10:00:00+05:30
pbd_c285e370,room_type,rmt_a3594036,4942.52,12191.54,INR,10,18,1.00,0,2026-08-18T10:00:00+05:30
pbd_eb2c98a0,room_type,rmt_5ded57e5,6178.15,15239.43,INR,10,18,50.00,0,2026-08-18T10:00:00+05:30
pbd_8090e781,room_type,rmt_a1181b1e,7908.03,19506.47,INR,15,25,10.00,0,2026-08-18T10:00:00+05:30
pbd_9af1e95f,room_type,rmt_90ba0cc3,10873.54,26821.39,INR,8,30,1.00,0,2026-08-18T10:00:00+05:30
pbd_1e020909,room_type,rmt_67b30175,2004.02,4943.24,INR,10,25,10.00,0,2026-08-18T10:00:00+05:30
pbd_a5444189,room_type,rmt_7be6dd38,2505.02,6179.06,INR,5,30,1.00,1,2026-08-18T10:00:00+05:30
pbd_635e0f82,room_type,rmt_aadbb36a,3206.43,7909.19,INR,15,18,1.00,0,2026-08-18T10:00:00+05:30
pbd_19c88c6a,room_type,rmt_057cb85a,4408.84,10875.13,INR,10,30,50.00,0,2026-08-18T10:00:00+05:30
pbd_ba6a7e78,room_type,rmt_e85f70fe,4978.85,12281.15,INR,10,25,10.00,0,2026-08-18T10:00:00+05:30
pbd_d8db1cc4,room_type,rmt_2a746672,6223.55,15351.43,INR,10,18,50.00,0,2026-08-18T10:00:00+05:30
pbd_ace2287b,room_type,rmt_c28b8198,7966.15,19649.83,INR,15,30,10.00,0,2026-08-18T10:00:00+05:30
pbd_6cb8a88e,room_type,rmt_67041579,10953.46,27018.53,INR,10,18,50.00,0,2026-08-18T10:00:00+05:30
pbd_8f979796,room_type,rmt_cceb6055,4064.38,10025.46,INR,5,25,1.00,0,2026-08-18T10:00:00+05:30
pbd_ce770ded,room_type,rmt_e9242d64,5080.47,12531.83,INR,5,30,1.00,0,2026-08-18T10:00:00+05:30
pbd_ad9cc00b,room_type,rmt_6369ff13,6503.00,16040.74,INR,15,30,50.00,0,2026-08-18T10:00:00+05:30
pbd_05b1cb97,room_type,rmt_2f599743,8941.64,22056.03,INR,10,25,1.00,0,2026-08-18T10:00:00+05:30
pbd_0b9e9e49,room_type,rmt_a4e11464,11699.81,28859.54,INR,15,18,10.00,0,2026-08-18T10:00:00+05:30
pbd_6912ae43,room_type,rmt_5615446c,14624.77,36074.43,INR,5,30,1.00,0,2026-08-18T10:00:00+05:30
pbd_1fa51abd,room_type,rmt_1b395694,18719.71,46175.28,INR,5,18,1.00,0,2026-08-18T10:00:00+05:30
pbd_41ebc13f,room_type,rmt_ba5d7ad1,25739.60,63491.00,INR,15,25,1.00,0,2026-08-18T10:00:00+05:30
pbd_0e411485,room_type,rmt_0beb6ec4,2122.40,5235.26,INR,10,25,50.00,0,2026-08-18T10:00:00+05:30
pbd_a8351517,room_type,rmt_19b2eaa0,2653.01,6544.08,INR,8,18,50.00,0,2026-08-18T10:00:00+05:30
pbd_69f582a1,room_type,rmt_bb3ff33f,3395.84,8376.41,INR,8,30,10.00,0,2026-08-18T10:00:00+05:30
pbd_ad65d088,room_type,rmt_7c90bc9e,4669.28,11517.56,INR,15,30,10.00,0,2026-08-18T10:00:00+05:30
pbd_d1c3a41b,room_type,rmt_c8ebae04,7649.08,18867.72,INR,5,30,50.00,0,2026-08-18T10:00:00+05:30
pbd_8050a4eb,room_type,rmt_df122cab,9561.35,23584.65,INR,10,18,1.00,1,2026-08-18T10:00:00+05:30
pbd_bd2aaba1,room_type,rmt_857bd06f,12238.52,30188.36,INR,10,25,50.00,0,2026-08-18T10:00:00+05:30
pbd_c47984c6,room_type,rmt_ac758da4,16827.98,41509.01,INR,8,30,10.00,0,2026-08-18T10:00:00+05:30
pbd_5cf0705d,room_type,rmt_a2f931b4,2300.47,5674.49,INR,10,25,1.00,0,2026-08-18T10:00:00+05:30
pbd_0445a765,room_type,rmt_15ac4f1d,2875.58,7093.10,INR,15,30,1.00,0,2026-08-18T10:00:00+05:30
pbd_2f1d1819,room_type,rmt_2ffaeba4,3680.75,9079.17,INR,15,18,1.00,1,2026-08-18T10:00:00+05:30
pbd_c6b67eb1,room_type,rmt_2bfbfea7,5061.02,12483.86,INR,8,18,1.00,0,2026-08-18T10:00:00+05:30
pbd_8ca860eb,room_type,rmt_11bc705e,2382.55,5876.95,INR,10,18,1.00,0,2026-08-18T10:00:00+05:30
pbd_04ee06c0,room_type,rmt_5226ac27,2978.19,7346.20,INR,8,25,1.00,0,2026-08-18T10:00:00+05:30
pbd_9b8c60bb,room_type,rmt_77a7165a,3812.08,9403.12,INR,10,30,50.00,0,2026-08-18T10:00:00+05:30
pbd_1ca74648,room_type,rmt_51edc116,5241.61,12929.30,INR,10,18,10.00,1,2026-08-18T10:00:00+05:30
pbd_b4b24359,room_type,rmt_658eac3f,8205.16,20239.39,INR,10,18,10.00,0,2026-08-18T10:00:00+05:30
pbd_464fe7fa,room_type,rmt_616e81e4,10256.45,25299.23,INR,8,25,1.00,0,2026-08-18T10:00:00+05:30
pbd_921df8fe,room_type,rmt_c81be325,13128.26,32383.03,INR,15,25,50.00,0,2026-08-18T10:00:00+05:30
pbd_ee5e27ae,room_type,rmt_1eabdfed,18051.35,44526.65,INR,15,25,10.00,0,2026-08-18T10:00:00+05:30
pbd_7cfcd566,room_type,rmt_2698e098,10974.95,27071.55,INR,10,30,10.00,0,2026-08-18T10:00:00+05:30
pbd_8716b136,room_type,rmt_d22bc3ea,13718.69,33839.42,INR,5,25,10.00,0,2026-08-18T10:00:00+05:30
pbd_5b2ac01b,room_type,rmt_17ee9eea,17559.92,43314.46,INR,15,30,10.00,0,2026-08-18T10:00:00+05:30
pbd_901a90fe,room_type,rmt_5232dcaa,24144.89,59557.38,INR,10,25,1.00,0,2026-08-18T10:00:00+05:30
pbd_ac337751,room_type,rmt_a1f469aa,8682.66,21417.23,INR,8,18,10.00,0,2026-08-18T10:00:00+05:30
pbd_b91e7915,room_type,rmt_4b2afc2f,10853.33,26771.54,INR,15,18,10.00,0,2026-08-18T10:00:00+05:30
pbd_cfbb50d0,room_type,rmt_c0775d07,13892.25,34267.55,INR,10,30,50.00,0,2026-08-18T10:00:00+05:30
pbd_4bbd9017,room_type,rmt_7440b2f7,19101.85,47117.89,INR,10,18,10.00,0,2026-08-18T10:00:00+05:30
pbd_1d9066d3,room_type,rmt_bba0da4f,5105.78,12594.26,INR,10,25,1.00,0,2026-08-18T10:00:00+05:30
pbd_34ab1608,room_type,rmt_c5694dba,6382.23,15742.83,INR,8,30,10.00,0,2026-08-18T10:00:00+05:30
pbd_7fc7402b,room_type,rmt_1e1423ce,8169.26,20150.83,INR,8,30,1.00,0,2026-08-18T10:00:00+05:30
pbd_5eb51be6,room_type,rmt_f63d13a9,11232.73,27707.39,INR,10,18,1.00,0,2026-08-18T10:00:00+05:30
pbd_f43edea0,room_type,rmt_df4758a1,2030.71,5009.08,INR,15,30,10.00,0,2026-08-18T10:00:00+05:30
pbd_442a3b52,room_type,rmt_2c314286,2538.39,6261.36,INR,15,30,50.00,0,2026-08-18T10:00:00+05:30
pbd_6485b22d,room_type,rmt_00f0d517,3249.14,8014.53,INR,5,25,1.00,0,2026-08-18T10:00:00+05:30
pbd_ae724298,room_type,rmt_65efe7b9,4467.56,11019.99,INR,15,18,1.00,1,2026-08-18T10:00:00+05:30
pbd_cb264b33,room_type,rmt_3194f20d,7893.74,19471.21,INR,8,30,1.00,0,2026-08-18T10:00:00+05:30
pbd_63b562ae,room_type,rmt_10feab38,9867.17,24339.03,INR,10,25,10.00,0,2026-08-18T10:00:00+05:30
pbd_0dc87893,room_type,rmt_5ebfe031,12629.99,31153.96,INR,10,30,1.00,0,2026-08-18T10:00:00+05:30
pbd_97d8e786,room_type,rmt_bd238dcb,17366.23,42836.69,INR,10,25,1.00,0,2026-08-18T10:00:00+05:30
pbd_8ecefbf0,room_type,rmt_60f52139,10461.73,25805.59,INR,10,18,10.00,0,2026-08-18T10:00:00+05:30
pbd_78136d40,room_type,rmt_38319111,13077.16,32256.99,INR,5,30,10.00,0,2026-08-18T10:00:00+05:30
pbd_e17f3cbc,room_type,rmt_06ea2b02,16738.76,41288.95,INR,5,18,10.00,0,2026-08-18T10:00:00+05:30
pbd_05e06734,room_type,rmt_d4cdc535,23015.81,56772.32,INR,10,25,10.00,0,2026-08-18T10:00:00+05:30
pbd_5be8def1,room_type,rmt_2ed8db0d,3959.54,9766.85,INR,8,30,50.00,0,2026-08-18T10:00:00+05:30
pbd_f073e140,room_type,rmt_ea779021,4949.42,12208.58,INR,8,30,10.00,0,2026-08-18T10:00:00+05:30
pbd_434d21f3,room_type,rmt_14ca2773,6335.26,15626.97,INR,15,30,1.00,0,2026-08-18T10:00:00+05:30
pbd_2fc33ba0,room_type,rmt_92703e4f,8710.98,21487.08,INR,15,25,50.00,0,2026-08-18T10:00:00+05:30
pbd_9a1fcc23,room_type,rmt_a3047b7c,9886.19,24385.92,INR,8,25,50.00,0,2026-08-18T10:00:00+05:30
pbd_9bbd6e7b,room_type,rmt_c4bbb0c6,12357.73,30482.39,INR,8,25,1.00,0,2026-08-18T10:00:00+05:30
pbd_c47ccdea,room_type,rmt_678528cd,15817.89,39017.46,INR,5,25,1.00,0,2026-08-18T10:00:00+05:30
pbd_fa22ae25,room_type,rmt_8ab364a5,21749.60,53649.02,INR,8,30,1.00,0,2026-08-18T10:00:00+05:30
pbd_7e265465,room_type,rmt_4d4b46ba,4393.00,10836.06,INR,15,18,1.00,0,2026-08-18T10:00:00+05:30
pbd_583b0bc6,room_type,rmt_d0edcf73,5491.25,13545.09,INR,15,18,10.00,1,2026-08-18T10:00:00+05:30
pbd_33822143,room_type,rmt_530ea617,7028.81,17337.72,INR,5,25,1.00,0,2026-08-18T10:00:00+05:30
pbd_d503bf8c,room_type,rmt_1fca396b,9664.61,23839.36,INR,5,18,10.00,0,2026-08-18T10:00:00+05:30
pbd_274119a5,room_type,rmt_ae6a797b,1997.93,4928.23,INR,8,18,50.00,0,2026-08-18T10:00:00+05:30
pbd_52e9ac3d,room_type,rmt_e1b24db7,2497.41,6160.28,INR,5,18,10.00,0,2026-08-18T10:00:00+05:30
pbd_8eca08d6,room_type,rmt_445d4d30,3196.69,7885.16,INR,5,25,10.00,0,2026-08-18T10:00:00+05:30
pbd_ed884492,room_type,rmt_f667f1f4,4395.44,10842.09,INR,5,18,1.00,0,2026-08-18T10:00:00+05:30
pbd_e062a70f,room_type,rmt_e5de6e52,10368.09,25574.62,INR,8,25,1.00,0,2026-08-18T10:00:00+05:30
pbd_d2318634,room_type,rmt_5de51a17,12960.11,31968.26,INR,15,25,1.00,0,2026-08-18T10:00:00+05:30
pbd_bacec225,room_type,rmt_3cd04cb9,16588.94,40919.39,INR,8,25,1.00,1,2026-08-18T10:00:00+05:30
pbd_a9003fde,room_type,rmt_8a230a0d,22809.79,56264.14,INR,8,25,1.00,0,2026-08-18T10:00:00+05:30
pbd_66875a78,room_type,rmt_ad5eda23,2151.20,5306.28,INR,15,30,1.00,0,2026-08-18T10:00:00+05:30
pbd_efb2111e,room_type,rmt_32fa9828,2689.00,6632.86,INR,10,25,10.00,0,2026-08-18T10:00:00+05:30
pbd_307665cd,room_type,rmt_a50c7c83,3441.92,8490.06,INR,5,25,10.00,0,2026-08-18T10:00:00+05:30
pbd_193b2eb7,room_type,rmt_d0ff4916,4732.63,11673.81,INR,8,18,1.00,0,2026-08-18T10:00:00+05:30
pbd_95f6d805,room_type,rmt_546d32f3,4941.70,12189.52,INR,15,25,50.00,0,2026-08-18T10:00:00+05:30
pbd_e2644a42,room_type,rmt_3cb6cd30,6177.12,15236.90,INR,5,30,1.00,0,2026-08-18T10:00:00+05:30
pbd_0ccd756a,room_type,rmt_120e4dd2,7906.72,19503.24,INR,10,25,1.00,0,2026-08-18T10:00:00+05:30
pbd_3399ab8a,room_type,rmt_be3cf350,10871.74,26816.95,INR,5,30,1.00,0,2026-08-18T10:00:00+05:30
pbd_b5314068,room_type,rmt_50331ee5,5656.18,13951.90,INR,10,30,1.00,0,2026-08-18T10:00:00+05:30
pbd_4b462ccb,room_type,rmt_18beff3d,7070.23,17439.89,INR,8,18,50.00,0,2026-08-18T10:00:00+05:30
pbd_f9ca5f81,room_type,rmt_0497b541,9049.89,22323.06,INR,8,18,10.00,0,2026-08-18T10:00:00+05:30
pbd_b292b54a,room_type,rmt_63be6614,12443.60,30694.20,INR,5,25,1.00,0,2026-08-18T10:00:00+05:30
pbd_f4723128,room_type,rmt_ec8f2f1f,4897.51,12080.52,INR,10,18,1.00,0,2026-08-18T10:00:00+05:30
pbd_c52363f5,room_type,rmt_6660dd94,6121.89,15100.66,INR,15,30,10.00,0,2026-08-18T10:00:00+05:30
pbd_d87f7c5e,room_type,rmt_ff860aad,7836.02,19328.84,INR,5,18,1.00,1,2026-08-18T10:00:00+05:30
pbd_66ded4c0,room_type,rmt_d2516451,10774.52,26577.16,INR,15,25,50.00,0,2026-08-18T10:00:00+05:30
pbd_0979047c,room_type,rmt_f0cd7fd7,3903.77,9629.31,INR,5,25,50.00,0,2026-08-18T10:00:00+05:30
pbd_9435f2bb,room_type,rmt_435bfd43,4879.72,12036.64,INR,15,30,50.00,0,2026-08-18T10:00:00+05:30
pbd_cfe90971,room_type,rmt_5d642711,6246.04,15406.89,INR,8,25,50.00,0,2026-08-18T10:00:00+05:30
pbd_6ef0893a,room_type,rmt_b283a8b8,8588.30,21184.46,INR,5,30,10.00,0,2026-08-18T10:00:00+05:30
pbd_3939e0e8,room_type,rmt_aec8441a,4972.34,12265.11,INR,5,30,10.00,0,2026-08-18T10:00:00+05:30
pbd_31831ded,room_type,rmt_bfe306c2,6215.43,15331.39,INR,15,18,1.00,0,2026-08-18T10:00:00+05:30
pbd_5ceba1e6,room_type,rmt_43799d6c,7955.75,19624.19,INR,15,30,50.00,0,2026-08-18T10:00:00+05:30
pbd_8663b223,room_type,rmt_2ee21607,10939.16,26983.25,INR,5,18,1.00,0,2026-08-18T10:00:00+05:30
pbd_7a91159e,room_type,rmt_259e6353,2555.66,6303.97,INR,8,25,1.00,0,2026-08-18T10:00:00+05:30
pbd_0ed69843,room_type,rmt_d3ea4acb,3194.58,7879.96,INR,15,18,10.00,0,2026-08-18T10:00:00+05:30
pbd_fa1e4ba3,room_type,rmt_d0b310f0,4089.06,10086.35,INR,10,30,10.00,0,2026-08-18T10:00:00+05:30
pbd_0b15f58d,room_type,rmt_49bdf69e,5622.47,13868.75,INR,15,25,10.00,0,2026-08-18T10:00:00+05:30
pbd_316d072c,room_type,rmt_cd0a1cfc,4104.20,10123.70,INR,15,25,50.00,0,2026-08-18T10:00:00+05:30
pbd_7d7421a9,room_type,rmt_b4cf3ec4,5130.26,12654.63,INR,15,18,10.00,0,2026-08-18T10:00:00+05:30
pbd_762bed99,room_type,rmt_7edee5da,6566.73,16197.93,INR,8,25,1.00,0,2026-08-18T10:00:00+05:30
pbd_4dc5173b,room_type,rmt_4fc4c4d3,9029.25,22272.15,INR,8,18,1.00,0,2026-08-18T10:00:00+05:30
pbd_f7aa7962,room_type,rmt_b206a2b9,2799.82,6906.22,INR,8,18,10.00,0,2026-08-18T10:00:00+05:30
pbd_a33f7b98,room_type,rmt_423ed768,3499.78,8632.78,INR,5,30,50.00,0,2026-08-18T10:00:00+05:30
pbd_03143c59,room_type,rmt_0a6f68c7,4479.71,11049.96,INR,5,25,50.00,0,2026-08-18T10:00:00+05:30
pbd_b45c8fa8,room_type,rmt_6cfc99b4,6159.60,15193.68,INR,10,25,10.00,0,2026-08-18T10:00:00+05:30
pbd_2cefc727,room_type,rmt_4f14363b,1273.29,3140.78,INR,8,25,1.00,0,2026-08-18T10:00:00+05:30
pbd_a66acf07,room_type,rmt_b6ed5055,1591.61,3925.98,INR,15,18,1.00,0,2026-08-18T10:00:00+05:30
pbd_6442cff1,room_type,rmt_e45d6f7e,2037.26,5025.25,INR,8,18,10.00,0,2026-08-18T10:00:00+05:30
pbd_31dfd8e3,room_type,rmt_ea7e5466,2801.24,6909.71,INR,8,25,50.00,0,2026-08-18T10:00:00+05:30
pbd_21b6957b,room_type,rmt_2f4f2596,4121.70,10166.86,INR,15,25,10.00,0,2026-08-18T10:00:00+05:30
pbd_3a7da26f,room_type,rmt_79f17c49,5152.13,12708.58,INR,8,18,50.00,0,2026-08-18T10:00:00+05:30
pbd_8fd6ba1d,room_type,rmt_fe3f72f1,6594.72,16266.98,INR,8,25,1.00,0,2026-08-18T10:00:00+05:30
pbd_4c6e9b2c,room_type,rmt_eede5ffe,9067.74,22367.09,INR,8,25,10.00,0,2026-08-18T10:00:00+05:30
pbd_b59e9273,room_type,rmt_650c9934,1209.59,2983.66,INR,15,25,1.00,0,2026-08-18T10:00:00+05:30
pbd_b346555b,room_type,rmt_d5d1225e,1511.99,3729.58,INR,10,18,50.00,0,2026-08-18T10:00:00+05:30
pbd_a39f3126,room_type,rmt_024aae3a,1935.35,4773.87,INR,5,25,50.00,0,2026-08-18T10:00:00+05:30
pbd_50fac722,room_type,rmt_60a7859f,2661.11,6564.08,INR,10,30,10.00,0,2026-08-18T10:00:00+05:30
pbd_bf6ddcac,room_type,rmt_6548e2cd,2356.38,5812.40,INR,8,18,10.00,0,2026-08-18T10:00:00+05:30
pbd_035c7414,room_type,rmt_708dcfd3,2945.48,7265.51,INR,15,18,1.00,0,2026-08-18T10:00:00+05:30
pbd_ba957038,room_type,rmt_8e5f928f,3770.21,9299.84,INR,10,25,10.00,0,2026-08-18T10:00:00+05:30
pbd_6ab1e810,room_type,rmt_cbac9201,5184.04,12787.29,INR,15,30,10.00,0,2026-08-18T10:00:00+05:30
pbd_7fb2339e,room_type,rmt_f17c08e7,3983.93,9827.02,INR,15,30,10.00,0,2026-08-18T10:00:00+05:30
pbd_496ca455,room_type,rmt_784f7fe9,4979.91,12283.78,INR,10,30,1.00,0,2026-08-18T10:00:00+05:30
pbd_1a4b7bee,room_type,rmt_5e0e2577,6374.28,15723.22,INR,10,18,1.00,0,2026-08-18T10:00:00+05:30
pbd_29bcad16,room_type,rmt_905576da,8764.64,21619.43,INR,15,30,50.00,0,2026-08-18T10:00:00+05:30
pbd_24218cca,room_type,rmt_56701d68,5514.89,13603.40,INR,5,30,50.00,0,2026-08-18T10:00:00+05:30
pbd_84d87324,room_type,rmt_f0305071,6893.62,17004.26,INR,10,25,50.00,0,2026-08-18T10:00:00+05:30
pbd_9018f6d4,room_type,rmt_1b34ab4d,8823.83,21765.45,INR,15,25,50.00,0,2026-08-18T10:00:00+05:30
pbd_97aea550,room_type,rmt_d1abd407,12132.77,29927.51,INR,8,25,50.00,0,2026-08-18T10:00:00+05:30
pbd_8b55c780,room_type,rmt_5e647c40,8099.88,19979.70,INR,5,18,50.00,0,2026-08-18T10:00:00+05:30
pbd_494ecc36,room_type,rmt_709c7acc,10124.85,24974.63,INR,5,18,50.00,0,2026-08-18T10:00:00+05:30
pbd_41386c69,room_type,rmt_2ef10b2a,12959.81,31967.54,INR,5,18,50.00,0,2026-08-18T10:00:00+05:30
pbd_be305149,room_type,rmt_2d887c26,17819.74,43955.35,INR,8,18,10.00,0,2026-08-18T10:00:00+05:30
pbd_326fb9bb,room_type,rmt_a47d4809,5574.39,13750.16,INR,15,18,1.00,0,2026-08-18T10:00:00+05:30
pbd_8f1f3356,room_type,rmt_39bad24e,6967.99,17187.70,INR,15,18,1.00,0,2026-08-18T10:00:00+05:30
pbd_8b3a3862,room_type,rmt_0e860876,8919.02,22000.26,INR,15,25,10.00,0,2026-08-18T10:00:00+05:30
pbd_175e8bcc,room_type,rmt_268a4873,12263.66,30250.35,INR,10,18,10.00,0,2026-08-18T10:00:00+05:30
pbd_a11228bc,room_type,rmt_bcf88c61,2019.48,4981.38,INR,15,18,1.00,0,2026-08-18T10:00:00+05:30
pbd_fb6b63f9,room_type,rmt_0ac76f1f,2524.35,6226.73,INR,8,18,1.00,0,2026-08-18T10:00:00+05:30
pbd_f2fd730d,room_type,rmt_d7a0cdfe,3231.17,7970.21,INR,10,30,50.00,0,2026-08-18T10:00:00+05:30
pbd_b8fe1cd0,room_type,rmt_9731daf4,4442.85,10959.03,INR,15,18,50.00,0,2026-08-18T10:00:00+05:30
pbd_7bf6fdb8,room_type,rmt_22a0518f,1924.16,4746.27,INR,8,18,1.00,0,2026-08-18T10:00:00+05:30
pbd_d1741d6c,room_type,rmt_8039634d,2405.21,5932.84,INR,15,18,50.00,0,2026-08-18T10:00:00+05:30
pbd_302b7592,room_type,rmt_6d92f523,3078.66,7594.03,INR,10,25,1.00,0,2026-08-18T10:00:00+05:30
pbd_4dd0349f,room_type,rmt_0eac32b1,4233.16,10441.79,INR,10,25,1.00,0,2026-08-18T10:00:00+05:30
pbd_9d1f6071,room_type,rmt_47eaeab8,11090.45,27356.43,INR,5,18,1.00,0,2026-08-18T10:00:00+05:30
pbd_1a30c809,room_type,rmt_013959d4,13863.06,34195.55,INR,15,18,10.00,0,2026-08-18T10:00:00+05:30
pbd_d405a0f6,room_type,rmt_cab3c669,17744.72,43770.30,INR,8,25,50.00,0,2026-08-18T10:00:00+05:30
pbd_712ada62,room_type,rmt_add53bc2,24398.99,60184.16,INR,10,18,1.00,0,2026-08-18T10:00:00+05:30
pbd_f07e357a,room_type,rmt_bc84cb85,2315.75,5712.19,INR,8,25,10.00,0,2026-08-18T10:00:00+05:30
pbd_d46127f6,room_type,rmt_a68f0c81,2894.69,7140.22,INR,15,30,10.00,0,2026-08-18T10:00:00+05:30
pbd_df411260,room_type,rmt_1ea3d32f,3705.20,9139.48,INR,15,18,1.00,0,2026-08-18T10:00:00+05:30
pbd_e9f86e19,room_type,rmt_f891a134,5094.65,12566.79,INR,5,25,1.00,0,2026-08-18T10:00:00+05:30
pbd_b0aafcbd,room_type,rmt_48fca746,2685.07,6623.17,INR,10,30,1.00,0,2026-08-18T10:00:00+05:30
pbd_328a593d,room_type,rmt_d2833983,3356.33,8278.95,INR,5,30,10.00,0,2026-08-18T10:00:00+05:30
pbd_859d3a59,room_type,rmt_35c23c39,4296.11,10597.06,INR,10,30,1.00,0,2026-08-18T10:00:00+05:30
pbd_461059bf,room_type,rmt_cf661344,5907.14,14570.95,INR,10,18,10.00,0,2026-08-18T10:00:00+05:30
pbd_ba901cf0,room_type,rmt_f4767b7e,26896.24,66344.05,INR,15,25,50.00,0,2026-08-18T10:00:00+05:30
pbd_8440e191,room_type,rmt_4726f8c7,6112.78,15078.18,INR,10,30,10.00,0,2026-08-18T10:00:00+05:30
pbd_48772b68,room_type,rmt_7fd36665,7824.36,19300.09,INR,10,25,50.00,1,2026-08-18T10:00:00+05:30
pbd_f73982be,room_type,rmt_dd8fc98d,10758.50,26537.62,INR,10,18,1.00,0,2026-08-18T10:00:00+05:30
pbd_2f5a3213,room_type,rmt_4a787963,4715.33,11631.14,INR,15,30,50.00,0,2026-08-18T10:00:00+05:30
pbd_779d3111,room_type,rmt_22e18967,5894.15,14538.91,INR,10,30,10.00,0,2026-08-18T10:00:00+05:30
pbd_2ee0c9b3,room_type,rmt_19e0b184,7544.51,18609.80,INR,5,25,50.00,0,2026-08-18T10:00:00+05:30
pbd_97041f87,room_type,rmt_c55ccaef,10373.71,25588.48,INR,8,25,1.00,0,2026-08-18T10:00:00+05:30
pbd_e0b16e33,room_type,rmt_fd5ae932,2570.54,6340.67,INR,15,25,10.00,0,2026-08-18T10:00:00+05:30
pbd_a66de2db,room_type,rmt_2ee7481d,3213.18,7925.84,INR,5,30,1.00,0,2026-08-18T10:00:00+05:30
pbd_14bbf495,room_type,rmt_3661f45e,4112.87,10145.07,INR,5,18,10.00,0,2026-08-18T10:00:00+05:30
pbd_0307da1c,room_type,rmt_1393d496,5655.20,13949.48,INR,10,30,50.00,0,2026-08-18T10:00:00+05:30
pbd_73301584,room_type,rmt_bbe3b35d,1121.86,2767.25,INR,5,25,1.00,1,2026-08-18T10:00:00+05:30
pbd_65271baa,room_type,rmt_da84c2a1,1402.32,3459.06,INR,8,18,1.00,0,2026-08-18T10:00:00+05:30
pbd_22cf939c,room_type,rmt_82174bde,1794.97,4427.59,INR,5,18,50.00,0,2026-08-18T10:00:00+05:30
pbd_13cbfac7,room_type,rmt_6b108445,2468.08,6087.92,INR,8,18,10.00,0,2026-08-18T10:00:00+05:30
pbd_75f3ee22,room_type,rmt_adfde93d,4529.81,11173.52,INR,10,18,10.00,0,2026-08-18T10:00:00+05:30
pbd_ae04b0a5,room_type,rmt_abcb8af5,5662.25,13966.89,INR,8,25,10.00,0,2026-08-18T10:00:00+05:30
pbd_3ca7ed39,room_type,rmt_90cd3c11,7247.69,17877.62,INR,15,25,1.00,0,2026-08-18T10:00:00+05:30
pbd_202b29c2,room_type,rmt_889298aa,9965.57,24581.75,INR,15,25,50.00,0,2026-08-18T10:00:00+05:30
pbd_4d5ee89b,room_type,rmt_5b220b9c,2992.46,7381.39,INR,15,30,10.00,0,2026-08-18T10:00:00+05:30
pbd_28e38ccc,room_type,rmt_4cd1e779,3740.57,9226.75,INR,10,30,50.00,0,2026-08-18T10:00:00+05:30
pbd_d9c6586f,room_type,rmt_5e6f1662,4787.93,11810.23,INR,15,30,50.00,0,2026-08-18T10:00:00+05:30
pbd_ae8c523a,room_type,rmt_17514b94,6583.41,16239.08,INR,15,18,50.00,1,2026-08-18T10:00:00+05:30
pbd_57def4a4,room_type,rmt_7a6bb96a,11328.75,27944.25,INR,5,18,50.00,0,2026-08-18T10:00:00+05:30
pbd_26d219a4,room_type,rmt_818bfa97,14160.94,34930.31,INR,5,30,1.00,0,2026-08-18T10:00:00+05:30
pbd_88ac1ff0,room_type,rmt_140c165e,18126.00,44710.80,INR,8,30,10.00,0,2026-08-18T10:00:00+05:30
pbd_daaa1aa9,room_type,rmt_5b68a891,24923.25,61477.35,INR,5,25,1.00,0,2026-08-18T10:00:00+05:30
pbd_c2419a6f,room_type,rmt_b91c7e7c,9712.79,23958.20,INR,5,25,1.00,0,2026-08-18T10:00:00+05:30
pbd_a6f40b5b,room_type,rmt_c5263905,12140.98,29947.74,INR,5,30,10.00,0,2026-08-18T10:00:00+05:30
pbd_acc695d3,room_type,rmt_9cbe2d8e,15540.45,38333.11,INR,8,18,50.00,0,2026-08-18T10:00:00+05:30
pbd_0916e2a9,room_type,rmt_b9c59920,21368.12,52708.04,INR,10,30,10.00,0,2026-08-18T10:00:00+05:30
pbd_557b685e,room_type,rmt_2e6d19e7,2126.45,5245.25,INR,15,30,1.00,0,2026-08-18T10:00:00+05:30
pbd_699bbd66,room_type,rmt_da87f9bd,2658.07,6556.57,INR,10,30,1.00,0,2026-08-18T10:00:00+05:30
pbd_86623fbe,room_type,rmt_63eb94a0,3402.33,8392.41,INR,10,25,1.00,0,2026-08-18T10:00:00+05:30
pbd_fa2a055c,room_type,rmt_20470f7b,4678.20,11539.56,INR,15,25,1.00,0,2026-08-18T10:00:00+05:30
pbd_a0e50030,room_type,rmt_08a2564d,2757.94,6802.91,INR,5,25,10.00,0,2026-08-18T10:00:00+05:30
pbd_225bd449,room_type,rmt_63e35ab2,3447.43,8503.65,INR,8,25,50.00,0,2026-08-18T10:00:00+05:30
pbd_5a5dc5c2,room_type,rmt_800763ea,4412.70,10884.66,INR,8,18,10.00,0,2026-08-18T10:00:00+05:30
pbd_e8ce7f34,room_type,rmt_591c4f11,6067.47,14966.43,INR,10,18,1.00,0,2026-08-18T10:00:00+05:30
pbd_b3b1faf8,room_type,rmt_47227828,5320.78,13124.58,INR,5,30,50.00,0,2026-08-18T10:00:00+05:30
pbd_03f7ff5a,room_type,rmt_e22a33fa,6650.97,16405.73,INR,8,25,50.00,0,2026-08-18T10:00:00+05:30
pbd_5204ace1,room_type,rmt_ed96e2ba,8513.24,20999.33,INR,5,18,10.00,0,2026-08-18T10:00:00+05:30
pbd_3d81d316,room_type,rmt_e561c575,11705.72,28874.10,INR,5,18,10.00,0,2026-08-18T10:00:00+05:30
pbd_73168da5,room_type,rmt_22def478,4168.11,10281.34,INR,8,30,10.00,0,2026-08-18T10:00:00+05:30
pbd_a2f2c1eb,room_type,rmt_528294fe,5210.14,12851.67,INR,5,25,10.00,0,2026-08-18T10:00:00+05:30
pbd_14a6a933,room_type,rmt_21ed1f88,6668.97,16450.13,INR,8,25,50.00,0,2026-08-18T10:00:00+05:30
pbd_611cef91,room_type,rmt_05727d62,9169.84,22618.93,INR,8,25,10.00,1,2026-08-18T10:00:00+05:30
pbd_c1a1fbcf,room_type,rmt_b69a22dd,1340.30,3306.06,INR,15,30,50.00,1,2026-08-18T10:00:00+05:30
pbd_faa388ef,room_type,rmt_55884246,1675.37,4132.59,INR,8,18,1.00,0,2026-08-18T10:00:00+05:30
pbd_c4f6ef11,room_type,rmt_94c7cd5d,2144.48,5289.71,INR,8,18,50.00,0,2026-08-18T10:00:00+05:30
pbd_16e26320,room_type,rmt_87e691a5,2948.66,7273.35,INR,8,30,50.00,0,2026-08-18T10:00:00+05:30
pbd_63b1ef69,room_type,rmt_1c05fa87,2290.97,5651.07,INR,8,18,50.00,0,2026-08-18T10:00:00+05:30
pbd_55df0350,room_type,rmt_35f045d9,2863.72,7063.84,INR,10,30,10.00,0,2026-08-18T10:00:00+05:30
pbd_862a4b26,room_type,rmt_0be75b1e,3665.56,9041.71,INR,10,30,50.00,0,2026-08-18T10:00:00+05:30
pbd_ba89536e,room_type,rmt_7e538eb3,5040.14,12432.35,INR,15,18,50.00,0,2026-08-18T10:00:00+05:30
pbd_9cccf090,room_type,rmt_b384b31a,1964.23,4845.09,INR,15,18,50.00,0,2026-08-18T10:00:00+05:30
pbd_d50c32f3,room_type,rmt_3d9c34a3,2455.29,6056.38,INR,5,18,50.00,0,2026-08-18T10:00:00+05:30
pbd_dfdf4530,room_type,rmt_551b2c94,3142.77,7752.17,INR,5,18,10.00,0,2026-08-18T10:00:00+05:30
pbd_55d9de46,room_type,rmt_688b73f3,4321.31,10659.22,INR,10,18,50.00,0,2026-08-18T10:00:00+05:30
pbd_5726fb66,room_type,rmt_41693e02,2686.19,6625.94,INR,8,25,50.00,0,2026-08-18T10:00:00+05:30
pbd_7391a554,room_type,rmt_d7416d52,3357.74,8282.43,INR,8,25,1.00,0,2026-08-18T10:00:00+05:30
pbd_af0bdd7f,room_type,rmt_167f1e72,4297.91,10601.52,INR,10,18,50.00,0,2026-08-18T10:00:00+05:30
pbd_f625cd5f,room_type,rmt_f0431bad,5909.63,14577.08,INR,10,30,1.00,0,2026-08-18T10:00:00+05:30
pbd_d7f28051,room_type,rmt_a1a9c79e,2167.49,5346.46,INR,10,18,1.00,0,2026-08-18T10:00:00+05:30
pbd_5b8f04b1,room_type,rmt_25fa9250,2709.35,6683.07,INR,8,30,1.00,0,2026-08-18T10:00:00+05:30
pbd_924589db,room_type,rmt_ef9de2f5,3467.97,8554.33,INR,15,30,10.00,0,2026-08-18T10:00:00+05:30
pbd_a677a2fd,room_type,rmt_26f40faa,4768.46,11762.21,INR,5,18,10.00,0,2026-08-18T10:00:00+05:30
pbd_73891787,room_type,rmt_3a595898,1348.88,3327.23,INR,10,25,50.00,0,2026-08-18T10:00:00+05:30
pbd_2144f7dd,room_type,rmt_2fe512ad,1686.09,4159.02,INR,8,25,1.00,0,2026-08-18T10:00:00+05:30
pbd_db87d224,room_type,rmt_ab072c2e,2158.19,5323.54,INR,5,25,50.00,0,2026-08-18T10:00:00+05:30
pbd_fa197b42,room_type,rmt_dc0f7b12,2967.52,7319.88,INR,15,18,1.00,0,2026-08-18T10:00:00+05:30
pbd_40f74d17,room_type,rmt_b06c1e04,1494.38,3686.14,INR,15,25,10.00,0,2026-08-18T10:00:00+05:30
pbd_ea6d7307,room_type,rmt_79aa251b,1867.97,4607.67,INR,5,30,10.00,0,2026-08-18T10:00:00+05:30
pbd_855c354c,room_type,rmt_110f3683,2391.01,5897.82,INR,15,25,50.00,0,2026-08-18T10:00:00+05:30
pbd_9dccabc8,room_type,rmt_4d32f357,3287.64,8109.51,INR,15,30,50.00,1,2026-08-18T10:00:00+05:30
pbd_39a95b08,room_type,rmt_e2da1aca,2244.53,5536.50,INR,8,30,1.00,0,2026-08-18T10:00:00+05:30
pbd_354af07e,room_type,rmt_a369d34e,2805.66,6920.63,INR,8,18,1.00,0,2026-08-18T10:00:00+05:30
pbd_adcbe72b,room_type,rmt_4e6c1c8f,3591.24,8858.39,INR,15,18,50.00,0,2026-08-18T10:00:00+05:30
pbd_d0e65e79,room_type,rmt_f2618bda,4937.96,12180.29,INR,10,25,50.00,0,2026-08-18T10:00:00+05:30
pbd_950bc0a0,room_type,rmt_687cf1e5,4949.62,12209.06,INR,5,18,10.00,0,2026-08-18T10:00:00+05:30
pbd_dbc36a60,room_type,rmt_72f89279,6187.02,15261.32,INR,8,30,1.00,0,2026-08-18T10:00:00+05:30
pbd_645086a7,room_type,rmt_f52bde0d,7919.39,19534.48,INR,10,18,50.00,0,2026-08-18T10:00:00+05:30
pbd_5cbd9bd4,room_type,rmt_ca3c8b4b,10889.15,26859.91,INR,8,25,1.00,0,2026-08-18T10:00:00+05:30
pbd_33cb04e8,room_type,rmt_27d1faf1,1543.87,3808.21,INR,15,25,50.00,0,2026-08-18T10:00:00+05:30
pbd_6b9e5f37,room_type,rmt_f0522faf,1929.84,4760.27,INR,15,30,10.00,0,2026-08-18T10:00:00+05:30
pbd_5b5095df,room_type,rmt_926cc9e2,2470.19,6093.14,INR,5,25,1.00,0,2026-08-18T10:00:00+05:30
pbd_4919de4b,room_type,rmt_3fea1993,3396.52,8378.08,INR,5,30,50.00,0,2026-08-18T10:00:00+05:30
pbd_8be5a0a6,room_type,rmt_77174029,3827.04,9440.03,INR,15,30,1.00,0,2026-08-18T10:00:00+05:30
pbd_713cf108,room_type,rmt_a1d067ea,4783.80,11800.04,INR,5,18,50.00,0,2026-08-18T10:00:00+05:30
pbd_32314016,room_type,rmt_fd4ca39c,6123.27,15104.07,INR,15,30,10.00,0,2026-08-18T10:00:00+05:30
pbd_8c74310a,room_type,rmt_3f460fd8,8419.49,20768.08,INR,8,18,10.00,0,2026-08-18T10:00:00+05:30
pbd_daf210b9,room_type,rmt_648449a2,4668.23,11514.96,INR,15,25,10.00,0,2026-08-18T10:00:00+05:30
pbd_5c42b862,room_type,rmt_65903ede,5835.28,14393.68,INR,10,25,10.00,0,2026-08-18T10:00:00+05:30
pbd_abbd65aa,room_type,rmt_15cd7381,7469.16,18423.93,INR,10,25,50.00,0,2026-08-18T10:00:00+05:30
pbd_1d78d104,room_type,rmt_b56bcaf9,10270.09,25332.88,INR,5,30,10.00,0,2026-08-18T10:00:00+05:30
pbd_9aec2873,room_type,rmt_59d60883,2330.60,5748.80,INR,15,18,1.00,0,2026-08-18T10:00:00+05:30
pbd_4a692c39,room_type,rmt_96469ce5,2913.25,7186.01,INR,5,18,10.00,0,2026-08-18T10:00:00+05:30
pbd_76eff8cc,room_type,rmt_7d0cef5a,3728.96,9198.09,INR,5,25,1.00,0,2026-08-18T10:00:00+05:30
pbd_95f2877d,room_type,rmt_e50b47af,5127.31,12647.36,INR,15,25,10.00,0,2026-08-18T10:00:00+05:30
pbd_1462f300,room_type,rmt_8d89007b,1092.41,2694.60,INR,10,18,1.00,0,2026-08-18T10:00:00+05:30
pbd_417f0642,room_type,rmt_a02efde1,1365.51,3368.26,INR,15,30,10.00,0,2026-08-18T10:00:00+05:30
pbd_da571825,room_type,rmt_8b9d4102,1747.85,4311.37,INR,8,25,1.00,0,2026-08-18T10:00:00+05:30
pbd_e0899179,room_type,rmt_49b7d67a,2403.29,5928.12,INR,10,18,50.00,0,2026-08-18T10:00:00+05:30
pbd_57947d7f,room_type,rmt_fe825282,2866.92,7071.74,INR,10,25,10.00,0,2026-08-18T10:00:00+05:30
pbd_e2ef8643,room_type,rmt_5de8d57d,3583.65,8839.67,INR,15,30,50.00,0,2026-08-18T10:00:00+05:30
pbd_bc740f78,room_type,rmt_3d14ceda,4587.08,11314.79,INR,8,18,50.00,0,2026-08-18T10:00:00+05:30
pbd_2fc29aba,room_type,rmt_8e081aa6,6307.23,15557.83,INR,10,25,1.00,1,2026-08-18T10:00:00+05:30
pbd_90a18d02,room_type,rmt_7f9540cd,5552.93,13697.23,INR,5,25,10.00,0,2026-08-18T10:00:00+05:30
pbd_d42f71f9,room_type,rmt_0fb2e967,6941.16,17121.53,INR,8,25,50.00,0,2026-08-18T10:00:00+05:30
pbd_500c723b,room_type,rmt_a133dc21,8884.69,21915.56,INR,8,30,1.00,0,2026-08-18T10:00:00+05:30
pbd_bff42b63,room_type,rmt_ff264dc6,12216.45,30133.91,INR,15,30,50.00,0,2026-08-18T10:00:00+05:30
pbd_d7b799f0,room_type,rmt_1d79d927,1951.82,4814.48,INR,8,30,50.00,0,2026-08-18T10:00:00+05:30
pbd_7ca6a749,room_type,rmt_8b45755c,2439.77,6018.09,INR,5,30,50.00,0,2026-08-18T10:00:00+05:30
pbd_f0d65753,room_type,rmt_a1b9987b,3122.90,7703.16,INR,10,25,50.00,0,2026-08-18T10:00:00+05:30
pbd_0525ef1e,room_type,rmt_d68490f5,4293.99,10591.84,INR,8,30,1.00,0,2026-08-18T10:00:00+05:30
pbd_b63b2623,room_type,rmt_f5240945,8684.96,21422.91,INR,10,25,10.00,0,2026-08-18T10:00:00+05:30
pbd_76959c1e,room_type,rmt_fc34ce18,10856.20,26778.62,INR,15,25,1.00,0,2026-08-18T10:00:00+05:30
pbd_dd8c8b57,room_type,rmt_0346ba24,13895.93,34276.63,INR,15,25,10.00,0,2026-08-18T10:00:00+05:30
pbd_2e7dabb9,room_type,rmt_37f39d35,19106.91,47130.38,INR,5,30,50.00,0,2026-08-18T10:00:00+05:30
pbd_f2395a78,room_type,rmt_ad4e3f27,2313.86,5707.51,INR,5,30,10.00,0,2026-08-18T10:00:00+05:30
pbd_8e7bfac1,room_type,rmt_a1864caa,2892.32,7134.38,INR,10,18,50.00,0,2026-08-18T10:00:00+05:30
pbd_33b31ece,room_type,rmt_5dfd49b7,3702.17,9132.01,INR,8,25,1.00,0,2026-08-18T10:00:00+05:30
pbd_21a5c481,room_type,rmt_27f6649c,5090.48,12556.51,INR,5,30,1.00,0,2026-08-18T10:00:00+05:30
pbd_bb38fdd8,room_type,rmt_bd9ee392,1450.31,3577.42,INR,8,18,50.00,0,2026-08-18T10:00:00+05:30
pbd_98bcc809,room_type,rmt_c0bde6cb,1812.89,4471.78,INR,8,18,10.00,0,2026-08-18T10:00:00+05:30
pbd_63ac2fa1,room_type,rmt_cde81eb8,2320.49,5723.88,INR,5,30,50.00,0,2026-08-18T10:00:00+05:30
pbd_d032f19c,room_type,rmt_d6a2032a,3190.68,7870.34,INR,15,18,50.00,0,2026-08-18T10:00:00+05:30
pbd_618594cd,room_type,rmt_cd0a1f4d,8307.32,20491.40,INR,8,30,10.00,0,2026-08-18T10:00:00+05:30
pbd_4eee5681,room_type,rmt_0f2f5bb4,10384.16,25614.25,INR,10,25,50.00,0,2026-08-18T10:00:00+05:30
pbd_0856ddad,room_type,rmt_30d93e64,13291.72,32786.24,INR,5,30,10.00,0,2026-08-18T10:00:00+05:30
pbd_15624764,room_type,rmt_81466de1,18276.11,45081.08,INR,15,18,1.00,0,2026-08-18T10:00:00+05:30
pbd_a6ee66b5,room_type,rmt_8159f767,3823.85,9432.17,INR,15,25,50.00,0,2026-08-18T10:00:00+05:30
pbd_5708b6b2,room_type,rmt_564bfbf6,4779.82,11790.22,INR,15,18,50.00,0,2026-08-18T10:00:00+05:30
pbd_bb063d25,room_type,rmt_26ce7f6b,6118.16,15091.47,INR,5,18,1.00,0,2026-08-18T10:00:00+05:30
pbd_db69cf06,room_type,rmt_08652597,8412.47,20750.77,INR,5,25,1.00,0,2026-08-18T10:00:00+05:30
pbd_c1ca3def,room_type,rmt_903c62d8,1409.71,3477.28,INR,15,30,10.00,0,2026-08-18T10:00:00+05:30
pbd_663f92f1,room_type,rmt_ad910333,1762.13,4346.59,INR,15,30,10.00,0,2026-08-18T10:00:00+05:30
pbd_bdcf4831,room_type,rmt_dac67beb,2255.53,5563.63,INR,10,25,50.00,0,2026-08-18T10:00:00+05:30
pbd_38068e5e,room_type,rmt_e9c79daa,3101.36,7650.01,INR,15,18,1.00,0,2026-08-18T10:00:00+05:30
pbd_a2552cb2,room_type,rmt_ff6ee93d,8199.38,20225.13,INR,15,30,10.00,0,2026-08-18T10:00:00+05:30
pbd_d7761c93,room_type,rmt_245d2660,10249.22,25281.42,INR,8,30,1.00,0,2026-08-18T10:00:00+05:30
pbd_98cbc80d,room_type,rmt_e092be55,13119.01,32360.22,INR,15,25,50.00,0,2026-08-18T10:00:00+05:30
pbd_f014b2ed,room_type,rmt_e68f231a,18038.63,44495.29,INR,10,18,1.00,1,2026-08-18T10:00:00+05:30
pbd_3cc4ab97,room_type,rmt_9cf80dff,1392.17,3434.03,INR,10,25,10.00,0,2026-08-18T10:00:00+05:30
pbd_fa543278,room_type,rmt_1d6916d7,1740.21,4292.52,INR,10,18,10.00,0,2026-08-18T10:00:00+05:30
pbd_a8a084f4,room_type,rmt_4fd23018,2227.47,5494.43,INR,5,30,1.00,0,2026-08-18T10:00:00+05:30
pbd_6d28af10,room_type,rmt_62d11505,3062.78,7554.85,INR,15,30,50.00,0,2026-08-18T10:00:00+05:30
pbd_2e6c0846,room_type,rmt_2e76c825,2251.02,5552.52,INR,5,18,50.00,0,2026-08-18T10:00:00+05:30
pbd_b7db2292,room_type,rmt_96d1418d,2813.78,6940.66,INR,15,18,10.00,0,2026-08-18T10:00:00+05:30
pbd_c90bdc10,room_type,rmt_4a338652,3601.64,8884.03,INR,8,30,1.00,0,2026-08-18T10:00:00+05:30
pbd_1d7b6a61,room_type,rmt_ba41e2e7,4952.25,12215.55,INR,5,18,10.00,0,2026-08-18T10:00:00+05:30
pbd_2cef90ef,room_type,rmt_cea22577,4666.85,11511.57,INR,15,25,1.00,0,2026-08-18T10:00:00+05:30
pbd_803ab84b,room_type,rmt_fdc49e70,5833.57,14389.47,INR,5,18,10.00,0,2026-08-18T10:00:00+05:30
pbd_57b315ce,room_type,rmt_4c559d42,7466.96,18418.51,INR,15,30,10.00,0,2026-08-18T10:00:00+05:30
pbd_af7c8a0d,room_type,rmt_12804e9a,10267.07,25325.45,INR,8,30,10.00,0,2026-08-18T10:00:00+05:30
pbd_b7d7790a,room_type,rmt_d27cc80e,1348.70,3326.80,INR,8,30,1.00,0,2026-08-18T10:00:00+05:30
pbd_8b2b6611,room_type,rmt_95014fdd,1685.88,4158.50,INR,8,25,1.00,0,2026-08-18T10:00:00+05:30
pbd_6833a2d7,room_type,rmt_10cf2e43,2157.92,5322.88,INR,5,18,50.00,0,2026-08-18T10:00:00+05:30
pbd_20ea349e,room_type,rmt_308cd361,2967.15,7318.97,INR,10,30,1.00,0,2026-08-18T10:00:00+05:30
pbd_31499d9a,room_type,rmt_e6b6703d,2120.51,5230.58,INR,10,25,10.00,0,2026-08-18T10:00:00+05:30
pbd_901faeec,room_type,rmt_5f2b0922,2650.63,6538.21,INR,8,30,1.00,0,2026-08-18T10:00:00+05:30
pbd_e8adac46,room_type,rmt_060c5796,3392.81,8368.92,INR,5,25,1.00,0,2026-08-18T10:00:00+05:30
pbd_791518c9,room_type,rmt_1e991e8e,4665.11,11507.28,INR,5,25,50.00,1,2026-08-18T10:00:00+05:30
pbd_43f4be69,room_type,rmt_e2eb5354,4376.51,10795.40,INR,15,18,10.00,0,2026-08-18T10:00:00+05:30
pbd_da42bb7a,room_type,rmt_9359fd43,5470.64,13494.23,INR,8,30,50.00,1,2026-08-18T10:00:00+05:30
pbd_4050ad54,room_type,rmt_212ee201,7002.41,17272.62,INR,8,18,50.00,0,2026-08-18T10:00:00+05:30
pbd_ceac3302,room_type,rmt_012c2d17,9628.32,23749.86,INR,15,25,10.00,0,2026-08-18T10:00:00+05:30
pbd_e6c6fd18,room_type,rmt_4cf7dfce,8215.34,20264.49,INR,5,30,10.00,0,2026-08-18T10:00:00+05:30
pbd_7224e9c3,room_type,rmt_9efd9ddb,10269.17,25330.63,INR,10,30,50.00,0,2026-08-18T10:00:00+05:30
pbd_2efd93a7,room_type,rmt_e2cbaed4,13144.54,32423.19,INR,10,18,10.00,0,2026-08-18T10:00:00+05:30
pbd_1945ae76,room_type,rmt_62a96035,18073.74,44581.89,INR,8,30,1.00,0,2026-08-18T10:00:00+05:30
pbd_2c631f5f,room_type,rmt_6c44eee0,3984.81,9829.20,INR,15,18,10.00,0,2026-08-18T10:00:00+05:30
pbd_6ebd7df7,room_type,rmt_6658b960,4981.01,12286.50,INR,10,30,10.00,0,2026-08-18T10:00:00+05:30
pbd_f35357a0,room_type,rmt_9eb5053c,6375.69,15726.70,INR,5,18,10.00,1,2026-08-18T10:00:00+05:30
pbd_d3e961ce,room_type,rmt_6459e588,8766.58,21624.22,INR,8,25,1.00,0,2026-08-18T10:00:00+05:30
pbd_93802a01,room_type,rmt_807baba0,2606.27,6428.79,INR,15,25,10.00,0,2026-08-18T10:00:00+05:30
pbd_255397bc,room_type,rmt_96ba4750,3257.84,8035.99,INR,10,30,50.00,0,2026-08-18T10:00:00+05:30
pbd_0583088a,room_type,rmt_57402874,4170.03,10286.07,INR,15,30,50.00,0,2026-08-18T10:00:00+05:30
pbd_35623505,room_type,rmt_67fe59d3,5733.79,14143.34,INR,15,30,10.00,0,2026-08-18T10:00:00+05:30
pbd_9f5c0ab7,room_type,rmt_4a3dd2d6,5801.47,14310.29,INR,10,25,1.00,0,2026-08-18T10:00:00+05:30
pbd_7a708b3a,room_type,rmt_04e2744e,7251.84,17887.87,INR,8,18,10.00,0,2026-08-18T10:00:00+05:30
pbd_64007363,room_type,rmt_e0d53248,9282.35,22896.47,INR,5,25,50.00,0,2026-08-18T10:00:00+05:30
pbd_81d81898,room_type,rmt_fc4b3dd0,12763.23,31482.63,INR,8,18,10.00,0,2026-08-18T10:00:00+05:30
pbd_a8ce6166,room_type,rmt_0f48416c,2582.97,6371.33,INR,10,30,10.00,0,2026-08-18T10:00:00+05:30
pbd_7b64624e,room_type,rmt_1ab8e4b4,3228.71,7964.16,INR,5,18,50.00,0,2026-08-18T10:00:00+05:30
pbd_b47e3390,room_type,rmt_68283a6c,4132.76,10194.13,INR,15,30,1.00,0,2026-08-18T10:00:00+05:30
pbd_d144d9b8,room_type,rmt_4a96fc9e,5682.53,14016.91,INR,5,18,10.00,0,2026-08-18T10:00:00+05:30
pbd_f992758f,room_type,rmt_5b79bb89,4841.33,11941.95,INR,10,30,50.00,0,2026-08-18T10:00:00+05:30
pbd_fb1b2dc4,room_type,rmt_db364ae9,6051.66,14927.43,INR,10,18,1.00,0,2026-08-18T10:00:00+05:30
pbd_79835bf8,room_type,rmt_41137ff6,7746.13,19107.11,INR,5,25,1.00,0,2026-08-18T10:00:00+05:30
pbd_bbdc2fc4,room_type,rmt_8fde2496,10650.93,26272.29,INR,5,18,10.00,0,2026-08-18T10:00:00+05:30
pbd_f51bff12,room_type,rmt_c0463b3f,2132.64,5260.51,INR,15,30,10.00,0,2026-08-18T10:00:00+05:30
pbd_3755310f,room_type,rmt_0de7aff3,2665.80,6575.64,INR,8,30,50.00,0,2026-08-18T10:00:00+05:30
pbd_98d017a7,room_type,rmt_bb74f599,3412.22,8416.82,INR,15,30,1.00,0,2026-08-18T10:00:00+05:30
pbd_af74ce24,room_type,rmt_67af9717,4691.81,11573.12,INR,15,25,10.00,0,2026-08-18T10:00:00+05:30
pbd_ee12b799,room_type,rmt_ecd29352,1929.49,4759.40,INR,15,30,10.00,1,2026-08-18T10:00:00+05:30
pbd_6df06299,room_type,rmt_34911919,2411.87,5949.27,INR,8,25,1.00,0,2026-08-18T10:00:00+05:30
pbd_519ff032,room_type,rmt_ca2fad13,3087.19,7615.06,INR,10,18,50.00,0,2026-08-18T10:00:00+05:30
pbd_6f25f361,room_type,rmt_efb6138e,4244.88,10470.70,INR,5,30,1.00,0,2026-08-18T10:00:00+05:30
pbd_19e52515,room_type,rmt_48b7503e,4501.15,11102.83,INR,10,25,1.00,0,2026-08-18T10:00:00+05:30
pbd_cda38ee3,room_type,rmt_86c135a7,5626.43,13878.53,INR,5,30,1.00,0,2026-08-18T10:00:00+05:30
pbd_7233a2f7,room_type,rmt_71209ce8,7201.84,17764.53,INR,5,25,10.00,0,2026-08-18T10:00:00+05:30
pbd_9bd3d033,room_type,rmt_f382b35e,54463.88,134344.24,INR,5,25,10.00,1,2026-08-18T10:00:00+05:30
pbd_dff60c07,room_type,rmt_eb54fcb4,2240.46,5526.47,INR,5,18,10.00,0,2026-08-18T10:00:00+05:30
pbd_e376b437,room_type,rmt_2c39a2e4,2800.58,6908.09,INR,10,25,50.00,0,2026-08-18T10:00:00+05:30
pbd_5a2c41f9,room_type,rmt_7e669087,3584.74,8842.35,INR,5,18,1.00,0,2026-08-18T10:00:00+05:30
pbd_5f66b1e1,room_type,rmt_12d96357,4929.02,12158.24,INR,15,18,10.00,0,2026-08-18T10:00:00+05:30
pbd_b6c9b6a0,room_type,rmt_bcb91a76,1941.62,4789.32,INR,8,25,10.00,0,2026-08-18T10:00:00+05:30
pbd_bfbcf862,room_type,rmt_ea2548a6,2427.02,5986.64,INR,5,30,1.00,0,2026-08-18T10:00:00+05:30
pbd_3bc676db,room_type,rmt_d871900f,3106.58,7662.89,INR,15,30,50.00,0,2026-08-18T10:00:00+05:30
pbd_276d54e3,room_type,rmt_fe247a78,4271.54,10536.47,INR,10,30,10.00,0,2026-08-18T10:00:00+05:30
pbd_a0451711,room_type,rmt_d5a4164b,4688.13,11564.05,INR,15,18,50.00,0,2026-08-18T10:00:00+05:30
pbd_e82e129f,room_type,rmt_123b3134,5860.16,14455.07,INR,5,25,1.00,0,2026-08-18T10:00:00+05:30
pbd_d747cbac,room_type,rmt_4dea171d,7501.01,18502.50,INR,15,18,1.00,0,2026-08-18T10:00:00+05:30
pbd_feed502c,room_type,rmt_d2829726,10313.89,25440.92,INR,8,25,10.00,0,2026-08-18T10:00:00+05:30
pbd_726bcc9a,room_type,rmt_bc8ca093,3962.94,9775.25,INR,5,18,50.00,0,2026-08-18T10:00:00+05:30
pbd_173eb410,room_type,rmt_6be95631,4953.68,12219.07,INR,15,25,10.00,0,2026-08-18T10:00:00+05:30
pbd_915ed874,room_type,rmt_947b8fd9,6340.71,15640.42,INR,15,18,50.00,0,2026-08-18T10:00:00+05:30
pbd_41166ad8,room_type,rmt_ec1be9b1,8718.47,21505.57,INR,10,18,1.00,0,2026-08-18T10:00:00+05:30
pbd_159558ad,room_type,rmt_1685725d,2162.00,5332.94,INR,5,18,10.00,0,2026-08-18T10:00:00+05:30
pbd_8e8fbf26,room_type,rmt_4613ddfe,2702.51,6666.18,INR,8,30,50.00,0,2026-08-18T10:00:00+05:30
pbd_9476151e,room_type,rmt_695ef3d6,3459.21,8532.72,INR,8,18,50.00,0,2026-08-18T10:00:00+05:30
pbd_5bc00623,room_type,rmt_8ba9b9b0,4756.41,11732.48,INR,8,18,1.00,0,2026-08-18T10:00:00+05:30
pbd_1305e0b3,room_type,rmt_5b5dc9f7,4198.67,10356.73,INR,15,25,1.00,0,2026-08-18T10:00:00+05:30
pbd_e9e537d3,room_type,rmt_791fd305,5248.34,12945.91,INR,10,30,10.00,0,2026-08-18T10:00:00+05:30
pbd_f3d01a15,room_type,rmt_02b3a69d,6717.88,16570.76,INR,10,30,50.00,0,2026-08-18T10:00:00+05:30
pbd_04a362ad,room_type,rmt_78186c3e,9237.08,22784.79,INR,15,18,10.00,0,2026-08-18T10:00:00+05:30
pbd_ecb4ea36,room_type,rmt_f0ddcc24,2028.80,5004.38,INR,10,25,50.00,0,2026-08-18T10:00:00+05:30
pbd_d39e8e6c,room_type,rmt_4932cbeb,2536.00,6255.46,INR,8,18,50.00,0,2026-08-18T10:00:00+05:30
pbd_d90bfd76,room_type,rmt_32d56b97,3246.08,8007.00,INR,8,18,1.00,0,2026-08-18T10:00:00+05:30
pbd_b88ccb55,room_type,rmt_54b9f7b5,4463.36,11009.63,INR,10,25,10.00,0,2026-08-18T10:00:00+05:30
pbd_c1bfd62f,room_type,rmt_3f01716a,5002.18,12338.70,INR,10,18,1.00,1,2026-08-18T10:00:00+05:30
pbd_81c21cf3,room_type,rmt_8392386e,6252.72,15423.38,INR,15,30,50.00,0,2026-08-18T10:00:00+05:30
pbd_58711341,room_type,rmt_51a62204,8003.48,19741.92,INR,8,18,50.00,0,2026-08-18T10:00:00+05:30
pbd_58c9dd99,room_type,rmt_c23f77dc,11004.79,27145.14,INR,15,30,50.00,0,2026-08-18T10:00:00+05:30
pbd_e50fa79f,room_type,rmt_ee14d963,2865.11,7067.26,INR,8,30,1.00,0,2026-08-18T10:00:00+05:30
pbd_486ca652,room_type,rmt_54dddda2,3581.38,8834.06,INR,10,30,50.00,0,2026-08-18T10:00:00+05:30
pbd_4f0181b7,room_type,rmt_4fb25af9,4584.17,11307.61,INR,5,30,50.00,1,2026-08-18T10:00:00+05:30
pbd_0a184528,room_type,rmt_487bb3c1,6303.23,15547.97,INR,15,30,50.00,1,2026-08-18T10:00:00+05:30
pbd_28cc0ef8,room_type,rmt_b9773ac8,5604.44,13824.29,INR,15,30,1.00,0,2026-08-18T10:00:00+05:30
pbd_8b50161d,room_type,rmt_39b5ca42,7005.56,17280.37,INR,15,30,50.00,0,2026-08-18T10:00:00+05:30
pbd_b3b963dd,room_type,rmt_d1336e5e,8967.11,22118.88,INR,10,18,1.00,0,2026-08-18T10:00:00+05:30
pbd_ebf102c7,room_type,rmt_d080184a,12329.78,30413.46,INR,8,30,1.00,0,2026-08-18T10:00:00+05:30
pbd_796c3213,room_type,rmt_2e1211ac,3877.58,9564.69,INR,8,30,10.00,0,2026-08-18T10:00:00+05:30
pbd_b7488c94,room_type,rmt_7b889ec3,4846.97,11955.85,INR,5,30,50.00,1,2026-08-18T10:00:00+05:30
pbd_50f40076,room_type,rmt_6edcf4fb,6204.12,15303.50,INR,5,18,1.00,0,2026-08-18T10:00:00+05:30
pbd_6e170d76,room_type,rmt_67e12f63,8530.67,21042.31,INR,10,18,10.00,0,2026-08-18T10:00:00+05:30
pbd_97f01b51,room_type,rmt_93075070,5078.75,12527.57,INR,8,30,50.00,0,2026-08-18T10:00:00+05:30
pbd_90a3a9c5,room_type,rmt_261249fc,6348.43,15659.45,INR,10,18,50.00,0,2026-08-18T10:00:00+05:30
pbd_b8bbe9cf,room_type,rmt_8c74a732,8125.99,20044.10,INR,5,25,1.00,1,2026-08-18T10:00:00+05:30
pbd_95a8bba8,room_type,rmt_6683f5bb,11173.24,27560.65,INR,15,18,1.00,0,2026-08-18T10:00:00+05:30
pbd_cc7c16b5,room_type,rmt_038714ae,8509.01,20988.88,INR,5,25,50.00,0,2026-08-18T10:00:00+05:30
pbd_75e64396,room_type,rmt_eea5cfbe,10636.26,26236.11,INR,10,18,50.00,0,2026-08-18T10:00:00+05:30
pbd_bd42170e,room_type,rmt_4278ac16,13614.41,33582.22,INR,15,25,10.00,0,2026-08-18T10:00:00+05:30
pbd_32d9569e,room_type,rmt_aa7ef978,18719.81,46175.54,INR,15,30,1.00,1,2026-08-18T10:00:00+05:30
pbd_670eb101,room_type,rmt_ce868f5a,8231.45,20304.23,INR,8,18,10.00,0,2026-08-18T10:00:00+05:30
pbd_9006b05d,room_type,rmt_17ec4994,10289.30,25380.28,INR,5,18,1.00,0,2026-08-18T10:00:00+05:30
pbd_7529db79,room_type,rmt_9bee6be6,13170.31,32486.76,INR,10,25,50.00,0,2026-08-18T10:00:00+05:30
pbd_ed7fb048,room_type,rmt_3765650e,18109.17,44669.29,INR,15,25,10.00,0,2026-08-18T10:00:00+05:30
pbd_b2ff27e7,room_type,rmt_c412fbac,1135.98,2802.08,INR,5,25,1.00,0,2026-08-18T10:00:00+05:30
pbd_44b6e01b,room_type,rmt_051ebbd9,1419.98,3502.61,INR,10,18,1.00,0,2026-08-18T10:00:00+05:30
pbd_805cf345,room_type,rmt_a721c712,1817.57,4483.33,INR,15,30,10.00,0,2026-08-18T10:00:00+05:30
pbd_8b08f06a,room_type,rmt_505f143d,2499.15,6164.57,INR,10,25,10.00,0,2026-08-18T10:00:00+05:30
pbd_35595d60,room_type,rmt_98fb80d3,2630.58,6488.76,INR,8,30,10.00,1,2026-08-18T10:00:00+05:30
pbd_bdb3f126,room_type,rmt_94546c51,3288.22,8110.94,INR,10,18,10.00,0,2026-08-18T10:00:00+05:30
pbd_645b71b0,room_type,rmt_ed290e0e,4208.93,10382.02,INR,15,18,1.00,0,2026-08-18T10:00:00+05:30
pbd_96d0b90d,room_type,rmt_d1a084e4,5787.27,14275.27,INR,5,18,10.00,0,2026-08-18T10:00:00+05:30
pbd_63a82f68,room_type,rmt_2b83e4d5,4720.79,11644.60,INR,8,18,10.00,0,2026-08-18T10:00:00+05:30
pbd_3c4a8752,room_type,rmt_a18229b0,5900.98,14555.74,INR,10,18,50.00,0,2026-08-18T10:00:00+05:30
pbd_8b67e067,room_type,rmt_bee7b144,7553.26,18631.37,INR,5,30,1.00,0,2026-08-18T10:00:00+05:30
pbd_58c249fc,room_type,rmt_96314b6b,10385.72,25618.12,INR,8,30,50.00,0,2026-08-18T10:00:00+05:30
pbd_d0efdad0,room_type,rmt_03c53624,2021.19,4985.60,INR,15,30,10.00,0,2026-08-18T10:00:00+05:30
pbd_10c5f35d,room_type,rmt_2f5d3c4f,2526.49,6232.00,INR,10,30,10.00,0,2026-08-18T10:00:00+05:30
pbd_d7d6affb,room_type,rmt_e6402633,3233.90,7976.96,INR,10,25,50.00,0,2026-08-18T10:00:00+05:30
pbd_178702c4,room_type,rmt_67c20089,4446.62,10968.32,INR,15,30,1.00,0,2026-08-18T10:00:00+05:30
pbd_75d760d4,room_type,rmt_609a2def,3749.43,9248.59,INR,8,25,50.00,0,2026-08-18T10:00:00+05:30
pbd_eb766793,room_type,rmt_f42e207b,4686.78,11560.72,INR,8,25,10.00,0,2026-08-18T10:00:00+05:30
pbd_0785646d,room_type,rmt_ee5f0347,5999.09,14797.74,INR,8,25,1.00,0,2026-08-18T10:00:00+05:30
pbd_e8bed1af,room_type,rmt_49af63f5,8248.74,20346.89,INR,10,18,1.00,0,2026-08-18T10:00:00+05:30
pbd_8a87fa77,room_type,rmt_8a9eaa37,8550.40,21090.98,INR,5,25,1.00,0,2026-08-18T10:00:00+05:30
pbd_8f540bac,room_type,rmt_29dd9fd3,10688.00,26363.74,INR,8,18,1.00,0,2026-08-18T10:00:00+05:30
pbd_65af4626,room_type,rmt_efe926e5,13680.64,33745.57,INR,5,30,10.00,0,2026-08-18T10:00:00+05:30
pbd_53d9b856,room_type,rmt_796b88e6,18810.88,46400.16,INR,10,18,50.00,0,2026-08-18T10:00:00+05:30
pbd_085bdedf,room_type,rmt_73eb73d3,2992.20,7380.76,INR,8,25,50.00,0,2026-08-18T10:00:00+05:30
pbd_9b1eb602,room_type,rmt_7bae76fc,673.25,1660.67,INR,8,25,10.00,0,2026-08-18T10:00:00+05:30
pbd_8a0b042c,room_type,rmt_c5f1ab45,4787.52,11809.22,INR,8,25,1.00,0,2026-08-18T10:00:00+05:30
pbd_ab560cda,room_type,rmt_07be71c5,6582.84,16237.67,INR,10,18,10.00,0,2026-08-18T10:00:00+05:30
pbd_46e80db0,room_type,rmt_4150ea86,3777.14,9316.95,INR,15,18,1.00,1,2026-08-18T10:00:00+05:30
pbd_c208e928,room_type,rmt_d8baed0f,4721.43,11646.19,INR,15,18,1.00,0,2026-08-18T10:00:00+05:30
pbd_c1e04468,room_type,rmt_882fcc70,6043.43,14907.12,INR,10,18,1.00,0,2026-08-18T10:00:00+05:30
pbd_60a48727,room_type,rmt_8c3d4bbe,8309.72,20497.30,INR,10,25,50.00,0,2026-08-18T10:00:00+05:30
pbd_5e81fddc,room_type,rmt_e1b794e9,10536.20,25989.30,INR,5,18,10.00,0,2026-08-18T10:00:00+05:30
pbd_84fc7078,room_type,rmt_60630f27,13170.26,32486.63,INR,10,18,1.00,0,2026-08-18T10:00:00+05:30
pbd_26225416,room_type,rmt_5c02afa1,16857.93,41582.89,INR,8,30,50.00,0,2026-08-18T10:00:00+05:30
pbd_4c241cb7,room_type,rmt_eb03ef2d,23179.65,57176.47,INR,8,30,10.00,0,2026-08-18T10:00:00+05:30
pbd_8e293787,room_type,rmt_b578589b,2635.45,6500.77,INR,8,25,10.00,0,2026-08-18T10:00:00+05:30
pbd_9052a093,room_type,rmt_f10be577,3294.31,8125.96,INR,10,18,50.00,1,2026-08-18T10:00:00+05:30
pbd_2b785207,room_type,rmt_2d0e11c8,4216.72,10401.24,INR,8,18,10.00,0,2026-08-18T10:00:00+05:30
pbd_4b2a0124,room_type,rmt_fa1c9f5b,5797.99,14301.70,INR,8,25,10.00,0,2026-08-18T10:00:00+05:30
pbd_07683621,room_type,rmt_ee49f76d,3730.61,9202.16,INR,15,30,10.00,0,2026-08-18T10:00:00+05:30
pbd_a3f96143,room_type,rmt_ed786640,4663.25,11502.69,INR,15,30,10.00,0,2026-08-18T10:00:00+05:30
pbd_706da65f,room_type,rmt_83239f67,5968.97,14723.45,INR,8,25,1.00,0,2026-08-18T10:00:00+05:30
pbd_d4a0c276,room_type,rmt_67eca6c8,8207.33,20244.74,INR,10,25,50.00,0,2026-08-18T10:00:00+05:30
pbd_14e99c66,room_type,rmt_124fe810,9251.81,22821.14,INR,15,25,50.00,0,2026-08-18T10:00:00+05:30
pbd_cad3f451,room_type,rmt_ff2e3524,11564.76,28526.41,INR,10,30,10.00,0,2026-08-18T10:00:00+05:30
pbd_511be38f,room_type,rmt_edad1281,14802.89,36513.80,INR,8,30,50.00,0,2026-08-18T10:00:00+05:30
pbd_696180f5,room_type,rmt_7349db73,20353.98,50206.48,INR,5,25,50.00,0,2026-08-18T10:00:00+05:30
pbd_874863da,room_type,rmt_33c3e9d0,1424.59,3513.98,INR,5,25,50.00,1,2026-08-18T10:00:00+05:30
pbd_701b4005,room_type,rmt_c134d5fe,1780.73,4392.47,INR,8,18,50.00,0,2026-08-18T10:00:00+05:30
pbd_32b58f4a,room_type,rmt_66d8cbf0,2279.34,5622.37,INR,8,25,1.00,0,2026-08-18T10:00:00+05:30
pbd_97203037,room_type,rmt_87189c11,3134.09,7730.76,INR,15,30,1.00,0,2026-08-18T10:00:00+05:30
pbd_195df398,room_type,rmt_bb92cf57,2474.03,6102.61,INR,8,18,10.00,0,2026-08-18T10:00:00+05:30
pbd_6c155de2,room_type,rmt_3882e37c,3092.54,7628.27,INR,8,25,10.00,0,2026-08-18T10:00:00+05:30
pbd_d1dc93db,room_type,rmt_26276dc5,3958.46,9764.19,INR,5,30,1.00,0,2026-08-18T10:00:00+05:30
pbd_7e541228,room_type,rmt_fc40a0df,5442.88,13425.76,INR,10,18,50.00,1,2026-08-18T10:00:00+05:30
pbd_0bb76fa6,room_type,rmt_8e0d0906,2695.86,6649.79,INR,8,25,1.00,0,2026-08-18T10:00:00+05:30
pbd_42262d5c,room_type,rmt_576ef766,3369.83,8312.24,INR,5,18,1.00,0,2026-08-18T10:00:00+05:30
pbd_43a326b8,room_type,rmt_876453d9,4313.38,10639.66,INR,10,25,50.00,0,2026-08-18T10:00:00+05:30
pbd_909ea72e,room_type,rmt_fc346c00,5930.90,14629.54,INR,15,18,10.00,0,2026-08-18T10:00:00+05:30
pbd_73551129,room_type,rmt_ca1974aa,2250.37,5550.91,INR,5,18,10.00,0,2026-08-18T10:00:00+05:30
pbd_3a7c1e59,room_type,rmt_6988b190,2812.96,6938.63,INR,10,25,10.00,0,2026-08-18T10:00:00+05:30
pbd_14c23f7e,room_type,rmt_425eabfe,3600.59,8881.44,INR,15,18,50.00,0,2026-08-18T10:00:00+05:30
pbd_2f2264db,room_type,rmt_793a6875,4950.80,12211.98,INR,15,30,1.00,0,2026-08-18T10:00:00+05:30
pbd_216e92e5,room_type,rmt_bae3f771,5614.06,13848.01,INR,5,18,10.00,0,2026-08-18T10:00:00+05:30
pbd_422bffe2,room_type,rmt_7358e844,7017.57,17310.01,INR,8,25,1.00,0,2026-08-18T10:00:00+05:30
pbd_6fd8cde1,room_type,rmt_5d53b983,8982.49,22156.80,INR,5,30,50.00,0,2026-08-18T10:00:00+05:30
pbd_9cd3809a,room_type,rmt_69632260,12350.92,30465.60,INR,5,18,10.00,0,2026-08-18T10:00:00+05:30
pbd_c3cc5247,room_type,rmt_cda87db6,2479.15,6115.23,INR,15,30,10.00,1,2026-08-18T10:00:00+05:30
pbd_36a9befb,room_type,rmt_09228b8b,3098.94,7644.05,INR,8,30,10.00,0,2026-08-18T10:00:00+05:30
pbd_edf133df,room_type,rmt_198576c1,3966.64,9784.37,INR,10,25,50.00,0,2026-08-18T10:00:00+05:30
pbd_a9ebbee8,room_type,rmt_18bef650,5454.13,13453.51,INR,10,30,1.00,0,2026-08-18T10:00:00+05:30
pbd_b26dbf03,room_type,rmt_1854e628,2713.86,6694.19,INR,10,30,1.00,0,2026-08-18T10:00:00+05:30
pbd_03843a3e,room_type,rmt_42b5e366,3392.33,8367.74,INR,10,30,10.00,0,2026-08-18T10:00:00+05:30
pbd_bb9e0f1b,room_type,rmt_c6dd7cd5,4342.18,10710.70,INR,5,30,1.00,0,2026-08-18T10:00:00+05:30
pbd_1d519fbb,room_type,rmt_2919bbfe,5970.50,14727.22,INR,5,18,10.00,0,2026-08-18T10:00:00+05:30
pbd_f443e65e,room_type,rmt_68e9fa10,2340.84,5774.07,INR,8,30,50.00,0,2026-08-18T10:00:00+05:30
pbd_85eb90bb,room_type,rmt_22951945,2926.05,7217.59,INR,15,30,1.00,0,2026-08-18T10:00:00+05:30
pbd_79e7d6f1,room_type,rmt_f9cc01ab,3745.34,9238.51,INR,5,30,10.00,0,2026-08-18T10:00:00+05:30
pbd_bec014ad,room_type,rmt_122240ca,5149.85,12702.95,INR,10,30,10.00,0,2026-08-18T10:00:00+05:30
pbd_fcbfd614,room_type,rmt_5dd21cc9,2486.54,6133.47,INR,10,30,10.00,0,2026-08-18T10:00:00+05:30
pbd_c442f5b2,room_type,rmt_e689a931,3108.18,7666.84,INR,10,25,1.00,0,2026-08-18T10:00:00+05:30
pbd_c13751b0,room_type,rmt_251b5172,3978.47,9813.55,INR,10,30,50.00,0,2026-08-18T10:00:00+05:30
pbd_9a95f093,room_type,rmt_6cf93c8a,5470.40,13493.64,INR,10,18,50.00,0,2026-08-18T10:00:00+05:30
pbd_b3161f49,room_type,rmt_61b98998,4855.92,11977.94,INR,10,18,50.00,0,2026-08-18T10:00:00+05:30
pbd_f326dedd,room_type,rmt_2389fcc4,6069.90,14972.42,INR,15,25,50.00,0,2026-08-18T10:00:00+05:30
pbd_a298ff59,room_type,rmt_991c2988,7769.48,19164.71,INR,15,30,50.00,0,2026-08-18T10:00:00+05:30
pbd_b2902efd,room_type,rmt_8cffb570,10683.03,26351.47,INR,10,25,10.00,0,2026-08-18T10:00:00+05:30
pbd_7f20d6e8,room_type,rmt_ca9540b1,2963.33,7309.55,INR,10,30,50.00,0,2026-08-18T10:00:00+05:30
pbd_60d43a11,room_type,rmt_ab027498,3704.17,9136.95,INR,10,25,50.00,0,2026-08-18T10:00:00+05:30
pbd_80055593,room_type,rmt_889f0ce8,4741.34,11695.29,INR,15,18,50.00,0,2026-08-18T10:00:00+05:30
pbd_5a3bd42c,room_type,rmt_d3ebff16,6519.33,16081.01,INR,5,18,10.00,0,2026-08-18T10:00:00+05:30
pbd_1a90298d,room_type,rmt_e7196437,2334.09,5757.42,INR,5,30,50.00,1,2026-08-18T10:00:00+05:30
pbd_5b0576a0,room_type,rmt_595fdd0f,2917.61,7196.78,INR,5,30,50.00,0,2026-08-18T10:00:00+05:30
pbd_02367f97,room_type,rmt_85aa328c,3734.54,9211.87,INR,10,18,1.00,0,2026-08-18T10:00:00+05:30
pbd_4ffa39b2,room_type,rmt_3aa4f9b8,5135.00,12666.34,INR,15,18,1.00,0,2026-08-18T10:00:00+05:30
pbd_df21bee4,room_type,rmt_1c6321fa,3888.44,9591.49,INR,5,18,50.00,0,2026-08-18T10:00:00+05:30
pbd_4830d5f8,room_type,rmt_12d2459d,4860.56,11989.37,INR,8,25,50.00,0,2026-08-18T10:00:00+05:30
pbd_c1ec6b2e,room_type,rmt_b9e39ea9,6221.51,15346.40,INR,15,30,50.00,0,2026-08-18T10:00:00+05:30
pbd_97d09da5,room_type,rmt_81287aa5,8554.58,21101.30,INR,15,30,50.00,0,2026-08-18T10:00:00+05:30
pbd_f251a8e1,room_type,rmt_cdfde07d,2513.93,6201.02,INR,8,30,10.00,0,2026-08-18T10:00:00+05:30
pbd_1236f082,room_type,rmt_3d4805f9,3142.40,7751.26,INR,15,25,1.00,0,2026-08-18T10:00:00+05:30
pbd_50a53542,room_type,rmt_31cf3b15,22122.53,54568.90,INR,10,18,10.00,0,2026-08-18T10:00:00+05:30
pbd_8f273c4f,room_type,rmt_54ff0bab,5530.63,13642.21,INR,5,18,1.00,0,2026-08-18T10:00:00+05:30
pbd_4269fc96,room_type,rmt_9eb28021,1206.96,2977.17,INR,10,25,50.00,0,2026-08-18T10:00:00+05:30
pbd_04c47fd8,room_type,rmt_aa7eb6d2,1508.70,3721.46,INR,15,25,1.00,0,2026-08-18T10:00:00+05:30
pbd_b01a4b4a,room_type,rmt_978f040c,1931.14,4763.47,INR,10,25,10.00,0,2026-08-18T10:00:00+05:30
pbd_877f19e8,room_type,rmt_8bd77770,2655.31,6549.76,INR,10,25,50.00,0,2026-08-18T10:00:00+05:30
pbd_0e017401,room_type,rmt_c9808e2a,1205.63,2973.88,INR,8,30,1.00,0,2026-08-18T10:00:00+05:30
pbd_bcb73e7b,room_type,rmt_6185fc06,1507.04,3717.35,INR,15,18,50.00,0,2026-08-18T10:00:00+05:30
pbd_aea54d31,room_type,rmt_3587dd85,1929.01,4758.22,INR,15,18,10.00,0,2026-08-18T10:00:00+05:30
pbd_a50739dd,room_type,rmt_32c905d4,2652.38,6542.54,INR,10,30,1.00,0,2026-08-18T10:00:00+05:30
pbd_bd82f4bf,room_type,rmt_c78dc711,2121.11,5232.08,INR,8,30,1.00,0,2026-08-18T10:00:00+05:30
pbd_abfe4cc5,room_type,rmt_9cd25b0a,2651.39,6540.10,INR,5,25,10.00,0,2026-08-18T10:00:00+05:30
pbd_8e7eb7f5,room_type,rmt_778752d6,3393.78,8371.32,INR,5,30,10.00,0,2026-08-18T10:00:00+05:30
pbd_6419a6e7,room_type,rmt_b4bbc602,4666.45,11510.57,INR,10,30,10.00,0,2026-08-18T10:00:00+05:30
pbd_e3d8acd1,room_type,rmt_dd8d5238,1943.18,4793.18,INR,8,25,1.00,0,2026-08-18T10:00:00+05:30
pbd_21ff9261,room_type,rmt_12f49609,2428.98,5991.48,INR,8,30,1.00,0,2026-08-18T10:00:00+05:30
pbd_31fb5121,room_type,rmt_c58858c3,3109.10,7669.10,INR,8,25,1.00,0,2026-08-18T10:00:00+05:30
pbd_151661e6,room_type,rmt_ed1c7e50,4275.01,10545.02,INR,8,25,1.00,0,2026-08-18T10:00:00+05:30
pbd_b76023ed,room_type,rmt_2e8faaef,2789.90,6881.74,LKR,8,25,1.00,0,2026-08-18T10:00:00+05:30
pbd_b2a1cd41,room_type,rmt_c07b1f2a,3487.37,8602.19,LKR,15,18,1.00,0,2026-08-18T10:00:00+05:30
pbd_e8d490bb,room_type,rmt_96f11d2a,4463.84,11010.79,LKR,15,30,1.00,0,2026-08-18T10:00:00+05:30
pbd_b8b37e9f,room_type,rmt_3f6e65a4,6137.78,15139.85,LKR,5,25,1.00,0,2026-08-18T10:00:00+05:30
pbd_1fa79ff8,room_type,rmt_f8bcfbd9,1604.58,3957.96,LKR,8,30,50.00,0,2026-08-18T10:00:00+05:30
pbd_397a711e,room_type,rmt_ac9a1c90,2005.73,4947.46,LKR,15,18,1.00,0,2026-08-18T10:00:00+05:30
pbd_d4b436ed,room_type,rmt_5a9c0630,2567.33,6332.75,LKR,8,18,1.00,0,2026-08-18T10:00:00+05:30
pbd_ca88d372,room_type,rmt_2388e4fc,3530.08,8707.52,LKR,5,18,10.00,0,2026-08-18T10:00:00+05:30
pbd_45ce2f06,room_type,rmt_06acc632,8588.39,21184.70,LKR,15,18,50.00,0,2026-08-18T10:00:00+05:30
pbd_8196c758,room_type,rmt_c5ff567c,10735.49,26480.88,LKR,15,25,50.00,0,2026-08-18T10:00:00+05:30
pbd_29044825,room_type,rmt_47b9982c,13741.43,33895.53,LKR,10,30,1.00,0,2026-08-18T10:00:00+05:30
pbd_575500dc,room_type,rmt_ffd0d6b1,18894.47,46606.37,LKR,8,18,10.00,0,2026-08-18T10:00:00+05:30
pbd_13995ffa,room_type,rmt_b4ed94c8,5497.40,13560.24,LKR,10,30,10.00,0,2026-08-18T10:00:00+05:30
pbd_e80f65cb,room_type,rmt_b04df287,6871.74,16950.29,LKR,5,30,10.00,0,2026-08-18T10:00:00+05:30
pbd_293c4218,room_type,rmt_d2524d3b,8795.84,21696.39,LKR,5,18,50.00,0,2026-08-18T10:00:00+05:30
pbd_462e2719,room_type,rmt_585c4ce8,12094.27,29832.53,LKR,15,30,10.00,0,2026-08-18T10:00:00+05:30
pbd_30e85c1a,room_type,rmt_9f858e23,2683.33,6618.87,LKR,5,18,50.00,0,2026-08-18T10:00:00+05:30
pbd_6e78a0a6,room_type,rmt_3d20e0d7,3354.17,8273.61,LKR,15,30,50.00,1,2026-08-18T10:00:00+05:30
pbd_49299e1c,room_type,rmt_a61b0ab3,4293.33,10590.21,LKR,15,30,50.00,0,2026-08-18T10:00:00+05:30
pbd_de13cb79,room_type,rmt_276b64cd,5903.33,14561.54,LKR,10,18,10.00,0,2026-08-18T10:00:00+05:30
pbd_1555ac48,room_type,rmt_2e485666,4365.14,10767.33,LKR,15,18,50.00,0,2026-08-18T10:00:00+05:30
pbd_fa9e6e97,room_type,rmt_02a13c4d,5456.42,13459.18,LKR,5,18,50.00,0,2026-08-18T10:00:00+05:30
pbd_3565696a,room_type,rmt_066230cc,6984.22,17227.74,LKR,15,30,50.00,0,2026-08-18T10:00:00+05:30
pbd_2e2accf0,room_type,rmt_d03da3b4,9603.30,23688.14,LKR,10,30,50.00,0,2026-08-18T10:00:00+05:30
pbd_dcb62cc9,room_type,rmt_798b7d41,11362.80,28028.24,LKR,15,30,10.00,0,2026-08-18T10:00:00+05:30
pbd_9699ae78,room_type,rmt_fcdfb4e0,14203.50,35035.30,LKR,15,25,1.00,0,2026-08-18T10:00:00+05:30
pbd_ab6d6eb2,room_type,rmt_1993184f,18180.48,44845.18,LKR,10,30,50.00,0,2026-08-18T10:00:00+05:30
pbd_1a48f77a,room_type,rmt_5a2a6fbb,24998.15,61662.11,LKR,15,18,1.00,0,2026-08-18T10:00:00+05:30
pbd_51a75ba1,room_type,rmt_575a1552,9131.98,22525.54,LKR,15,25,10.00,0,2026-08-18T10:00:00+05:30
pbd_d7b9de54,room_type,rmt_2a318b8b,11414.97,28156.93,LKR,5,25,10.00,0,2026-08-18T10:00:00+05:30
pbd_a69f99d1,room_type,rmt_1936f8b0,14611.16,36040.87,LKR,8,18,50.00,0,2026-08-18T10:00:00+05:30
pbd_af16ffdc,room_type,rmt_45e23275,20090.35,49556.19,LKR,8,30,1.00,0,2026-08-18T10:00:00+05:30
pbd_44644604,room_type,rmt_9ab2b6fb,11476.38,28308.40,LKR,8,18,50.00,0,2026-08-18T10:00:00+05:30
pbd_45857460,room_type,rmt_6ec0c5e2,14345.48,35385.51,LKR,10,30,1.00,0,2026-08-18T10:00:00+05:30
pbd_6eb835d1,room_type,rmt_6c818289,18362.21,45293.44,LKR,5,18,50.00,0,2026-08-18T10:00:00+05:30
pbd_d0bebeb5,room_type,rmt_92dd27a3,25248.03,62278.47,LKR,15,30,1.00,0,2026-08-18T10:00:00+05:30
pbd_12501716,room_type,rmt_8919fc46,5124.22,12639.74,LKR,10,18,10.00,0,2026-08-18T10:00:00+05:30
pbd_5d774637,room_type,rmt_bffdc2e6,6405.27,15799.67,LKR,5,18,1.00,0,2026-08-18T10:00:00+05:30
pbd_e1d76e57,room_type,rmt_f3ccf019,8198.75,20223.59,LKR,8,18,50.00,0,2026-08-18T10:00:00+05:30
pbd_8f02b88c,room_type,rmt_93930eb7,11273.28,27807.42,LKR,8,25,10.00,0,2026-08-18T10:00:00+05:30
pbd_8a2f52a6,room_type,rmt_e44b3207,2275.60,5613.14,NPR,10,18,50.00,0,2026-08-18T10:00:00+05:30
pbd_2a2af39b,room_type,rmt_c1a1484c,2844.50,7016.42,NPR,15,30,50.00,0,2026-08-18T10:00:00+05:30
pbd_7b124d55,room_type,rmt_b9e9619a,3640.96,8981.03,NPR,10,30,1.00,0,2026-08-18T10:00:00+05:30
pbd_8dc24302,room_type,rmt_40250c2d,5006.32,12348.92,NPR,10,30,10.00,0,2026-08-18T10:00:00+05:30
pbd_d59a3de0,room_type,rmt_4f9e0577,2283.20,5631.90,NPR,15,25,50.00,0,2026-08-18T10:00:00+05:30
pbd_afeb0f7d,room_type,rmt_17786d31,2854.01,7039.88,NPR,8,18,1.00,1,2026-08-18T10:00:00+05:30
pbd_e1805683,room_type,rmt_ce0d150b,3653.13,9011.05,NPR,5,30,10.00,1,2026-08-18T10:00:00+05:30
pbd_f2dbe5be,room_type,rmt_abd28887,5023.05,12390.19,NPR,8,18,1.00,0,2026-08-18T10:00:00+05:30
pbd_23b7515e,room_type,rmt_dc653562,2000.60,4934.82,NPR,5,18,10.00,0,2026-08-18T10:00:00+05:30
pbd_3a8ee40d,room_type,rmt_7c698f68,2500.76,6168.53,NPR,5,25,50.00,0,2026-08-18T10:00:00+05:30
pbd_a5c458a0,room_type,rmt_51187086,3200.97,7895.73,NPR,5,18,1.00,0,2026-08-18T10:00:00+05:30
pbd_33f6fd31,room_type,rmt_2a8aa24f,4401.33,10856.61,NPR,5,25,1.00,0,2026-08-18T10:00:00+05:30
pbd_68b79cec,room_type,rmt_f1cc0d66,4864.73,11999.67,NPR,5,18,50.00,0,2026-08-18T10:00:00+05:30
pbd_ee8cb31b,room_type,rmt_bc554dab,6080.92,14999.60,NPR,8,18,1.00,0,2026-08-18T10:00:00+05:30
pbd_d31f7a23,room_type,rmt_b281f5c6,7783.58,19199.49,NPR,10,18,1.00,0,2026-08-18T10:00:00+05:30
pbd_577609a5,room_type,rmt_8f5a5270,10702.42,26399.30,NPR,8,25,1.00,0,2026-08-18T10:00:00+05:30
pbd_75affdb8,room_type,rmt_34c4a125,5351.00,13199.14,NPR,5,30,1.00,0,2026-08-18T10:00:00+05:30
pbd_9434828d,room_type,rmt_42d4a7b7,6688.76,16498.93,NPR,15,30,50.00,0,2026-08-18T10:00:00+05:30
pbd_3c1cc3e4,room_type,rmt_2e83c7aa,8561.61,21118.64,NPR,10,25,10.00,1,2026-08-18T10:00:00+05:30
pbd_9b6629ca,room_type,rmt_722e56d5,11772.21,29038.12,NPR,8,25,10.00,0,2026-08-18T10:00:00+05:30
pbd_6be264cb,room_type,rmt_51d3ffc0,1170.98,2888.42,NPR,10,25,1.00,0,2026-08-18T10:00:00+05:30
pbd_bdc194eb,room_type,rmt_f67eaf75,1463.73,3610.53,NPR,8,18,50.00,0,2026-08-18T10:00:00+05:30
pbd_026b86be,room_type,rmt_be50afe4,1873.57,4621.47,NPR,10,30,1.00,0,2026-08-18T10:00:00+05:30
pbd_c152d473,room_type,rmt_dfac7623,2576.16,6354.53,NPR,5,30,1.00,0,2026-08-18T10:00:00+05:30
pbd_d0f642c7,room_type,rmt_46356f5b,2294.95,5660.87,NPR,15,30,10.00,0,2026-08-18T10:00:00+05:30
pbd_81508e3c,room_type,rmt_de90b723,2868.68,7076.08,NPR,5,25,1.00,0,2026-08-18T10:00:00+05:30
pbd_e35adef7,room_type,rmt_4bc5f5a8,3671.91,9057.38,NPR,15,30,1.00,0,2026-08-18T10:00:00+05:30
pbd_88226811,room_type,rmt_d525547c,5048.88,12453.90,NPR,5,25,10.00,0,2026-08-18T10:00:00+05:30
pbd_a5359e4f,room_type,rmt_b80932d3,4190.06,10335.47,NPR,15,18,1.00,0,2026-08-18T10:00:00+05:30
pbd_1308cbcf,room_type,rmt_7d7c83f2,5237.57,12919.35,NPR,15,25,50.00,0,2026-08-18T10:00:00+05:30
pbd_e5db2764,room_type,rmt_39822fad,36872.50,90952.16,NPR,8,25,10.00,0,2026-08-18T10:00:00+05:30
pbd_71e8fbbc,room_type,rmt_f5d7014b,9218.12,22738.04,NPR,5,25,10.00,0,2026-08-18T10:00:00+05:30
pbd_3626c3de,room_type,rmt_da1d4fb3,3894.71,9606.96,NPR,10,18,10.00,0,2026-08-18T10:00:00+05:30
pbd_1a05a92d,room_type,rmt_0d2aedd6,4868.39,12008.68,NPR,15,18,50.00,0,2026-08-18T10:00:00+05:30
pbd_c5df537b,room_type,rmt_95656aa9,6231.53,15371.11,NPR,8,25,10.00,0,2026-08-18T10:00:00+05:30
pbd_ae8bfd05,room_type,rmt_e2915c22,8568.36,21135.29,NPR,15,18,10.00,0,2026-08-18T10:00:00+05:30
pbd_ffef1526,room_type,rmt_f59b8b4f,2872.15,7084.63,NPR,5,18,1.00,0,2026-08-18T10:00:00+05:30
pbd_4a47b56d,room_type,rmt_b726c4f6,3590.18,8855.78,NPR,5,18,1.00,0,2026-08-18T10:00:00+05:30
pbd_611accb5,room_type,rmt_67d7c1a1,4595.43,11335.39,NPR,15,18,50.00,0,2026-08-18T10:00:00+05:30
pbd_58713475,room_type,rmt_33ff52e8,6318.72,15586.18,NPR,10,18,50.00,0,2026-08-18T10:00:00+05:30
pbd_8586805f,room_type,rmt_ca391f47,2485.41,6130.68,BTN,8,25,50.00,0,2026-08-18T10:00:00+05:30
pbd_ed70004c,room_type,rmt_191c3361,3106.76,7663.35,BTN,8,18,1.00,0,2026-08-18T10:00:00+05:30
pbd_074c60e7,room_type,rmt_5da9bf35,3976.66,9809.09,BTN,8,25,1.00,0,2026-08-18T10:00:00+05:30
pbd_b043e73c,room_type,rmt_cbd96966,5467.91,13487.50,BTN,15,25,50.00,0,2026-08-18T10:00:00+05:30
pbd_2181a7e4,room_type,rmt_9ec4005b,1538.76,3795.61,BTN,8,25,1.00,0,2026-08-18T10:00:00+05:30
pbd_7adb4c40,room_type,rmt_e0b40760,1923.45,4744.51,BTN,10,25,10.00,0,2026-08-18T10:00:00+05:30
pbd_8d36e602,room_type,rmt_df4528d8,2462.01,6072.96,BTN,8,18,1.00,0,2026-08-18T10:00:00+05:30
pbd_e31947ff,room_type,rmt_bfd4e8b2,3385.27,8350.33,BTN,8,25,1.00,0,2026-08-18T10:00:00+05:30
pbd_6fa9b71b,room_type,rmt_d3369b73,2855.89,7044.52,BTN,8,25,1.00,0,2026-08-18T10:00:00+05:30
pbd_4bf3ddba,room_type,rmt_dbab151d,3569.87,8805.67,BTN,5,18,50.00,0,2026-08-18T10:00:00+05:30
pbd_e423c54d,room_type,rmt_ece81fbf,4569.43,11271.25,BTN,8,30,50.00,0,2026-08-18T10:00:00+05:30
pbd_aa6f31e7,room_type,rmt_f1db66bc,6282.96,15497.97,BTN,5,30,1.00,0,2026-08-18T10:00:00+05:30
pbd_d2b54c8c,room_type,rmt_03a21d7f,756.01,1864.82,BTN,10,18,1.00,0,2026-08-18T10:00:00+05:30
pbd_1a82bde4,room_type,rmt_1ddb9e35,5250.05,12950.13,BTN,15,18,50.00,0,2026-08-18T10:00:00+05:30
pbd_a54ca7ac,room_type,rmt_45454f4c,6720.07,16576.17,BTN,5,25,10.00,0,2026-08-18T10:00:00+05:30
pbd_cf4fd397,room_type,rmt_c580f9ff,9240.09,22792.22,BTN,5,30,1.00,0,2026-08-18T10:00:00+05:30
pbd_59f29213,room_type,rmt_a03efd9a,2021.81,4987.14,BTN,8,30,1.00,0,2026-08-18T10:00:00+05:30
pbd_ad8554d6,room_type,rmt_7b136e9b,2527.27,6233.93,BTN,15,18,1.00,0,2026-08-18T10:00:00+05:30
pbd_f5072c73,room_type,rmt_f6899a89,3234.91,7979.44,BTN,5,18,50.00,0,2026-08-18T10:00:00+05:30
pbd_c547f588,room_type,rmt_6ffbe923,4448.00,10971.72,BTN,5,25,50.00,0,2026-08-18T10:00:00+05:30
pbd_0bc69cf8,room_type,rmt_dcefa882,4340.27,10706.01,MVR,8,30,10.00,0,2026-08-18T10:00:00+05:30
pbd_9f0ae388,room_type,rmt_b607fda3,5425.34,13382.49,MVR,10,30,50.00,0,2026-08-18T10:00:00+05:30
pbd_0cda6eef,room_type,rmt_4a49715e,6944.43,17129.59,MVR,8,25,50.00,1,2026-08-18T10:00:00+05:30
pbd_efffe98c,room_type,rmt_9c7873ee,9548.60,23553.20,MVR,8,25,1.00,0,2026-08-18T10:00:00+05:30
pbd_f41e00e1,room_type,rmt_40c33495,1318.80,3253.04,MVR,15,25,10.00,0,2026-08-18T10:00:00+05:30
pbd_2f013d0e,room_type,rmt_b53f426a,1648.50,4066.30,MVR,10,25,10.00,0,2026-08-18T10:00:00+05:30
pbd_937988f8,room_type,rmt_b88c287c,2110.08,5204.86,MVR,5,30,10.00,0,2026-08-18T10:00:00+05:30
pbd_b694d9b9,room_type,rmt_61a4e7bb,2901.36,7156.69,MVR,5,30,50.00,0,2026-08-18T10:00:00+05:30
pbd_ce041584,room_type,rmt_a9b58258,1452.70,3583.32,MVR,8,30,10.00,0,2026-08-18T10:00:00+05:30
pbd_cf70e44d,room_type,rmt_4d763b85,1815.88,4479.16,MVR,8,25,1.00,0,2026-08-18T10:00:00+05:30
pbd_1f7186ef,room_type,rmt_85f2c357,2324.32,5733.32,MVR,8,18,50.00,0,2026-08-18T10:00:00+05:30
pbd_ba61f500,room_type,rmt_31bf14ff,3195.94,7883.31,MVR,15,18,10.00,0,2026-08-18T10:00:00+05:30
pbd_59f1a350,room_type,rmt_67ee73c1,5295.13,13061.31,MVR,5,18,50.00,0,2026-08-18T10:00:00+05:30
pbd_f61d7267,room_type,rmt_cd365e82,6618.91,16326.64,MVR,8,18,10.00,0,2026-08-18T10:00:00+05:30
pbd_ca1f0f44,room_type,rmt_33c6c9be,8472.20,20898.10,MVR,8,30,10.00,0,2026-08-18T10:00:00+05:30
pbd_d5fb4bee,room_type,rmt_3576973e,11649.28,28734.88,MVR,10,25,1.00,0,2026-08-18T10:00:00+05:30
pbd_29b8872f,room_type,rmt_ee411f9f,4866.65,12004.39,MVR,5,18,1.00,0,2026-08-18T10:00:00+05:30
pbd_d20b5c0a,room_type,rmt_fe3115ce,6083.30,15005.48,MVR,5,25,10.00,0,2026-08-18T10:00:00+05:30
pbd_eca41f2a,room_type,rmt_f4ddc0d1,7786.63,19207.01,MVR,8,25,1.00,0,2026-08-18T10:00:00+05:30
pbd_26548157,room_type,rmt_4fa5d384,10706.61,26409.64,MVR,15,30,1.00,0,2026-08-18T10:00:00+05:30
pbd_0511f418,room_type,rmt_4faddc19,3731.15,9203.51,AED,15,25,1.00,0,2026-08-18T10:00:00+05:30
pbd_00182e8f,room_type,rmt_08a1e3c2,4663.94,11504.39,AED,5,30,10.00,0,2026-08-18T10:00:00+05:30
pbd_0d95b372,room_type,rmt_5df6ca92,5969.85,14725.63,AED,15,30,10.00,1,2026-08-18T10:00:00+05:30
pbd_acd76495,room_type,rmt_3640c8c5,8208.54,20247.73,AED,10,25,1.00,0,2026-08-18T10:00:00+05:30
pbd_92b0c8c3,room_type,rmt_09e5b767,2673.91,6595.64,AED,8,30,1.00,0,2026-08-18T10:00:00+05:30
pbd_418421b0,room_type,rmt_b4375cba,3342.38,8244.54,AED,10,18,10.00,0,2026-08-18T10:00:00+05:30
pbd_17d9de4a,room_type,rmt_d329c900,4278.25,10553.01,AED,15,30,1.00,0,2026-08-18T10:00:00+05:30
pbd_eff44350,room_type,rmt_51048be0,5882.59,14510.38,AED,10,18,1.00,0,2026-08-18T10:00:00+05:30
pbd_92e7121e,room_type,rmt_d8517891,2317.22,5715.82,AED,8,18,10.00,0,2026-08-18T10:00:00+05:30
pbd_a22d0330,room_type,rmt_07a565b8,2896.53,7144.77,AED,8,18,10.00,0,2026-08-18T10:00:00+05:30
pbd_d7583fb7,room_type,rmt_23ff1e0c,3707.56,9145.31,AED,10,30,50.00,0,2026-08-18T10:00:00+05:30
pbd_75057f6a,room_type,rmt_af47d451,5097.89,12574.80,AED,10,30,1.00,0,2026-08-18T10:00:00+05:30
pbd_503beb73,room_type,rmt_b2b5ae4a,10698.85,26390.49,AED,15,18,1.00,0,2026-08-18T10:00:00+05:30
pbd_26235c6e,room_type,rmt_3e31fe20,13373.57,32988.13,AED,10,18,1.00,0,2026-08-18T10:00:00+05:30
pbd_d125b57e,room_type,rmt_5e7938aa,17118.16,42224.79,AED,15,18,10.00,0,2026-08-18T10:00:00+05:30
pbd_6b055979,room_type,rmt_2db75636,23537.47,58059.09,AED,15,18,10.00,0,2026-08-18T10:00:00+05:30
pbd_13edabad,room_type,rmt_a178be91,1461.83,3605.85,AED,5,18,50.00,0,2026-08-18T10:00:00+05:30
pbd_ba7d5c88,room_type,rmt_6657438d,1827.29,4507.30,AED,10,30,50.00,0,2026-08-18T10:00:00+05:30
pbd_53d829d1,room_type,rmt_8342dc40,2338.93,5769.35,AED,15,25,50.00,0,2026-08-18T10:00:00+05:30
pbd_2592cff0,room_type,rmt_f339c4ef,3216.02,7932.86,AED,5,30,10.00,0,2026-08-18T10:00:00+05:30
pbd_22b89869,room_type,rmt_227a4718,1277.18,3150.38,AED,5,18,10.00,0,2026-08-18T10:00:00+05:30
pbd_d557ca51,room_type,rmt_67051bd1,1596.48,3937.98,AED,15,25,10.00,0,2026-08-18T10:00:00+05:30
pbd_dde16abc,room_type,rmt_85a4674c,2043.50,5040.62,AED,5,30,10.00,0,2026-08-18T10:00:00+05:30
pbd_dc8a73a2,room_type,rmt_8b43e412,2809.81,6930.86,AED,10,25,10.00,0,2026-08-18T10:00:00+05:30
pbd_6b4b2c93,room_type,rmt_1a108dbf,2447.91,6038.18,AED,5,18,1.00,0,2026-08-18T10:00:00+05:30
pbd_3d5e76f4,room_type,rmt_3eef78a6,3059.89,7547.72,AED,10,30,50.00,0,2026-08-18T10:00:00+05:30
pbd_285eb6f2,room_type,rmt_79b4537e,3916.65,9661.07,AED,8,30,10.00,0,2026-08-18T10:00:00+05:30
pbd_31c35b2c,room_type,rmt_b9292037,5385.40,13283.98,AED,10,25,1.00,0,2026-08-18T10:00:00+05:30
pbd_807b55dc,room_type,rmt_027df3a5,2286.74,5640.63,AED,15,18,1.00,0,2026-08-18T10:00:00+05:30
pbd_e0405842,room_type,rmt_c394622c,2858.42,7050.78,AED,5,25,10.00,0,2026-08-18T10:00:00+05:30
pbd_361f141e,room_type,rmt_8a41a51b,3658.79,9025.00,AED,5,25,50.00,0,2026-08-18T10:00:00+05:30
pbd_6122f9a9,room_type,rmt_7b7b4e1f,5030.83,12409.37,AED,5,25,50.00,0,2026-08-18T10:00:00+05:30
pbd_ee275942,room_type,rmt_7d26f88e,2957.68,7295.60,AED,8,30,1.00,0,2026-08-18T10:00:00+05:30
pbd_f66cf37c,room_type,rmt_9849d401,3697.10,9119.50,AED,8,25,50.00,0,2026-08-18T10:00:00+05:30
pbd_3b4926c5,room_type,rmt_5427e81f,4732.28,11672.95,AED,10,30,10.00,1,2026-08-18T10:00:00+05:30
pbd_1d85eb8b,room_type,rmt_e9ccd6de,6506.88,16050.30,AED,15,25,1.00,0,2026-08-18T10:00:00+05:30
pbd_0cfe6cab,room_type,rmt_3c899749,5349.28,13194.88,AED,5,18,10.00,0,2026-08-18T10:00:00+05:30
pbd_a04a69dc,room_type,rmt_8b608681,6686.60,16493.60,AED,5,25,1.00,0,2026-08-18T10:00:00+05:30
pbd_ff06f11a,room_type,rmt_457f966c,8558.84,21111.81,AED,8,30,1.00,0,2026-08-18T10:00:00+05:30
pbd_21912916,room_type,rmt_904f1084,11768.41,29028.74,AED,5,25,10.00,0,2026-08-18T10:00:00+05:30
pbd_322a03a4,room_type,rmt_eb19de1f,2528.99,6238.16,QAR,10,30,10.00,0,2026-08-18T10:00:00+05:30
pbd_8d6dae0e,room_type,rmt_6013d7cb,3161.23,7797.69,QAR,5,18,50.00,0,2026-08-18T10:00:00+05:30
pbd_50454288,room_type,rmt_a11ada2c,4046.37,9981.05,QAR,5,18,10.00,0,2026-08-18T10:00:00+05:30
pbd_db2bffc5,room_type,rmt_cfd1cf7f,5563.76,13723.95,QAR,5,18,1.00,0,2026-08-18T10:00:00+05:30
pbd_1ff90139,room_type,rmt_6599afa5,5278.71,13020.82,QAR,10,18,10.00,0,2026-08-18T10:00:00+05:30
pbd_ecf933e3,room_type,rmt_f75b9cce,6598.39,16276.02,QAR,5,25,50.00,0,2026-08-18T10:00:00+05:30
pbd_f52eee82,room_type,rmt_b1bac4cf,8445.94,20833.31,QAR,15,30,1.00,0,2026-08-18T10:00:00+05:30
pbd_b4bd2017,room_type,rmt_630b3581,11613.17,28645.81,QAR,15,18,50.00,0,2026-08-18T10:00:00+05:30
pbd_820c066b,room_type,rmt_e73af44f,2726.75,6725.97,QAR,10,30,1.00,0,2026-08-18T10:00:00+05:30
pbd_dbaebc6d,room_type,rmt_ade39944,3408.44,8407.47,QAR,8,25,50.00,0,2026-08-18T10:00:00+05:30
pbd_2d845cb3,room_type,rmt_9e667a25,4362.80,10761.56,QAR,8,25,10.00,0,2026-08-18T10:00:00+05:30
pbd_6c2008f9,room_type,rmt_ddb1998b,5998.85,14797.15,QAR,8,30,10.00,0,2026-08-18T10:00:00+05:30
pbd_7059cd2e,room_type,rmt_bc2235c7,9840.48,24273.18,QAR,15,25,50.00,0,2026-08-18T10:00:00+05:30
pbd_1c9a358a,room_type,rmt_f8c1a843,12300.59,30341.46,QAR,15,25,10.00,0,2026-08-18T10:00:00+05:30
pbd_cafb1c89,room_type,rmt_e6bf63d1,15744.77,38837.09,QAR,8,18,50.00,0,2026-08-18T10:00:00+05:30
pbd_e04a7cf1,room_type,rmt_b25aa779,21649.05,53400.99,QAR,10,18,50.00,0,2026-08-18T10:00:00+05:30
pbd_9ff41cb1,room_type,rmt_e8b1a597,2534.36,6251.41,QAR,8,30,50.00,0,2026-08-18T10:00:00+05:30
pbd_77123376,room_type,rmt_37ade1d3,3167.94,7814.25,QAR,5,18,10.00,0,2026-08-18T10:00:00+05:30
pbd_d4f84cd5,room_type,rmt_c6a0cb62,4054.97,10002.25,QAR,8,25,1.00,0,2026-08-18T10:00:00+05:30
pbd_cb9bda1f,room_type,rmt_0303733d,5575.58,13753.09,QAR,8,18,10.00,0,2026-08-18T10:00:00+05:30
pbd_e1cba44f,room_type,rmt_93ae9d01,5342.29,13177.64,SGD,15,30,10.00,0,2026-08-18T10:00:00+05:30
pbd_6f176a71,room_type,rmt_49106d07,6677.86,16472.05,SGD,8,18,1.00,0,2026-08-18T10:00:00+05:30
pbd_3da28985,room_type,rmt_b20be792,8547.65,21084.21,SGD,5,18,1.00,0,2026-08-18T10:00:00+05:30
pbd_abb601ad,room_type,rmt_6b51e2cf,11753.03,28990.80,SGD,15,30,50.00,0,2026-08-18T10:00:00+05:30
pbd_c1abbd49,room_type,rmt_3cecf326,2483.16,6125.13,SGD,8,25,1.00,0,2026-08-18T10:00:00+05:30
pbd_df53a2a8,room_type,rmt_a094f957,3103.95,7656.41,SGD,15,30,10.00,0,2026-08-18T10:00:00+05:30
pbd_cc48182a,room_type,rmt_7c3a3b1b,3973.06,9800.21,SGD,15,30,1.00,0,2026-08-18T10:00:00+05:30
pbd_82e17c0d,room_type,rmt_16b20612,5462.96,13475.29,SGD,8,30,50.00,0,2026-08-18T10:00:00+05:30
pbd_79d0cbb8,room_type,rmt_87628375,1010.84,2493.41,SGD,5,25,1.00,0,2026-08-18T10:00:00+05:30
pbd_0b6f72f3,room_type,rmt_dc673d27,7019.72,17315.32,SGD,5,18,50.00,0,2026-08-18T10:00:00+05:30
pbd_c47d81e0,room_type,rmt_4acc0255,8985.25,22163.61,SGD,5,25,50.00,0,2026-08-18T10:00:00+05:30
pbd_fc7fb4d1,room_type,rmt_37d146de,12354.71,30474.96,SGD,15,18,1.00,0,2026-08-18T10:00:00+05:30
pbd_ba01e1d3,room_type,rmt_89dac96b,2782.42,6863.30,SGD,10,18,10.00,0,2026-08-18T10:00:00+05:30
pbd_a6742634,room_type,rmt_3a748a28,3478.03,8579.13,SGD,10,18,50.00,0,2026-08-18T10:00:00+05:30
pbd_53876de8,room_type,rmt_65e655e6,4451.87,10981.29,SGD,15,18,10.00,0,2026-08-18T10:00:00+05:30
pbd_daad4862,room_type,rmt_a87c01e9,6121.33,15099.27,SGD,8,18,50.00,0,2026-08-18T10:00:00+05:30
pbd_2a484d20,room_type,rmt_ddbcc0c8,1417.06,3495.41,SGD,5,18,10.00,0,2026-08-18T10:00:00+05:30
pbd_e48a84b4,room_type,rmt_9c8b8a23,1771.32,4369.26,SGD,15,18,50.00,0,2026-08-18T10:00:00+05:30
pbd_926ea042,room_type,rmt_6c644151,2267.29,5592.64,SGD,10,30,50.00,0,2026-08-18T10:00:00+05:30
pbd_ae5f6ebd,room_type,rmt_9e88e378,3117.53,7689.90,SGD,10,30,10.00,0,2026-08-18T10:00:00+05:30
pbd_c3a29519,room_type,rmt_ffe36440,10763.40,26549.72,THB,5,25,50.00,0,2026-08-18T10:00:00+05:30
pbd_b42e9836,room_type,rmt_4f39f1ff,13454.25,33187.15,THB,10,30,10.00,0,2026-08-18T10:00:00+05:30
pbd_fb12f36c,room_type,rmt_9ba12419,17221.44,42479.55,THB,8,25,1.00,0,2026-08-18T10:00:00+05:30
pbd_1b8876ff,room_type,rmt_6026e158,23679.47,58409.37,THB,15,18,1.00,0,2026-08-18T10:00:00+05:30
pbd_2419fb83,room_type,rmt_27cc581f,2288.15,5644.09,THB,8,25,1.00,0,2026-08-18T10:00:00+05:30
pbd_3186d8c6,room_type,rmt_65a29424,2860.18,7055.10,THB,15,18,1.00,0,2026-08-18T10:00:00+05:30
pbd_55a18388,room_type,rmt_5ad12780,3661.03,9030.53,THB,15,30,50.00,0,2026-08-18T10:00:00+05:30
pbd_105c43b5,room_type,rmt_3777a0de,5033.92,12417.00,THB,10,30,50.00,0,2026-08-18T10:00:00+05:30
pbd_ed4fe343,room_type,rmt_811fad7f,3805.43,9386.73,THB,10,18,1.00,0,2026-08-18T10:00:00+05:30
pbd_3deb778e,room_type,rmt_28b409a4,4756.79,11733.42,THB,8,30,1.00,0,2026-08-18T10:00:00+05:30
pbd_297f6d02,room_type,rmt_146c863c,6088.70,15018.78,THB,8,30,50.00,0,2026-08-18T10:00:00+05:30
pbd_0164b6ca,room_type,rmt_b68eeee0,8371.95,20650.81,THB,15,30,10.00,0,2026-08-18T10:00:00+05:30
pbd_1817a70f,room_type,rmt_0a292d71,1985.96,4898.71,THB,10,25,1.00,0,2026-08-18T10:00:00+05:30
pbd_64335d57,room_type,rmt_3028f078,2482.46,6123.39,THB,15,18,10.00,0,2026-08-18T10:00:00+05:30
pbd_87a16d27,room_type,rmt_83c9a6e0,3177.54,7837.93,THB,10,25,1.00,1,2026-08-18T10:00:00+05:30
pbd_37e1d0be,room_type,rmt_6b07b23f,4369.12,10777.16,THB,10,25,10.00,0,2026-08-18T10:00:00+05:30
pbd_9efdedb7,room_type,rmt_358bb73f,2149.67,5302.53,THB,8,30,50.00,0,2026-08-18T10:00:00+05:30
pbd_fd73b746,room_type,rmt_9e504ff3,2687.09,6628.16,THB,15,30,50.00,0,2026-08-18T10:00:00+05:30
pbd_fb2c2758,room_type,rmt_6577d1ca,3439.48,8484.04,THB,10,30,10.00,0,2026-08-18T10:00:00+05:30
pbd_c1c85f36,room_type,rmt_c4047f29,4729.28,11665.56,THB,15,25,50.00,0,2026-08-18T10:00:00+05:30
pbd_3d106be4,room_type,rmt_acb7b88d,9241.42,22795.50,MYR,10,18,50.00,0,2026-08-18T10:00:00+05:30
pbd_eb8b89f5,room_type,rmt_b1a6886d,11551.77,28494.37,MYR,10,30,50.00,0,2026-08-18T10:00:00+05:30
pbd_0a726557,room_type,rmt_4d12b404,14786.27,36472.79,MYR,8,25,10.00,0,2026-08-18T10:00:00+05:30
pbd_fa27e836,room_type,rmt_a89c4f37,20331.12,50150.10,MYR,10,25,50.00,0,2026-08-18T10:00:00+05:30
pbd_51da6b52,room_type,rmt_a2bee2d5,1306.31,3222.22,MYR,5,25,1.00,0,2026-08-18T10:00:00+05:30
pbd_4cd7dd77,room_type,rmt_2f760d36,1632.88,4027.76,MYR,10,18,10.00,0,2026-08-18T10:00:00+05:30
pbd_44eb0c7b,room_type,rmt_b21e09a9,2090.09,5155.54,MYR,10,18,10.00,0,2026-08-18T10:00:00+05:30
pbd_f7eff00a,room_type,rmt_f99fe2fc,2873.87,7088.89,MYR,5,25,50.00,0,2026-08-18T10:00:00+05:30
pbd_21fe2bdc,room_type,rmt_a697de82,2732.05,6739.05,MYR,5,30,1.00,0,2026-08-18T10:00:00+05:30
pbd_24bff982,room_type,rmt_734917b8,3415.06,8423.81,MYR,10,18,10.00,0,2026-08-18T10:00:00+05:30
pbd_3067f3b9,room_type,rmt_d77fb947,4371.28,10782.48,MYR,5,25,50.00,0,2026-08-18T10:00:00+05:30
pbd_1e467b3a,room_type,rmt_f879ccdf,6010.51,14825.92,MYR,8,30,1.00,0,2026-08-18T10:00:00+05:30
pbd_af641c8a,room_type,rmt_363659ec,4573.64,11281.65,MYR,15,25,10.00,0,2026-08-18T10:00:00+05:30
pbd_a09ee5eb,room_type,rmt_b8954e33,5717.06,14102.07,MYR,10,25,10.00,1,2026-08-18T10:00:00+05:30
pbd_fa92d9d4,room_type,rmt_1d409895,7317.83,18050.65,MYR,5,18,50.00,0,2026-08-18T10:00:00+05:30
pbd_ab56b0f8,room_type,rmt_e98be601,10062.02,24819.64,MYR,5,30,50.00,0,2026-08-18T10:00:00+05:30
pbd_afc4393a,room_type,rmt_2228846d,8855.00,21842.32,MYR,8,18,1.00,0,2026-08-18T10:00:00+05:30
pbd_5204eb48,room_type,rmt_0acb7b5c,11068.75,27302.91,MYR,10,18,50.00,0,2026-08-18T10:00:00+05:30
pbd_7b376ec3,room_type,rmt_3c54b927,14168.00,34947.72,MYR,15,18,10.00,0,2026-08-18T10:00:00+05:30
pbd_16091f8c,room_type,rmt_0b836f77,19481.00,48053.12,MYR,10,18,10.00,0,2026-08-18T10:00:00+05:30
pbd_cf3c7c70,room_type,rmt_041941d2,1937.13,4778.25,IDR,15,25,50.00,0,2026-08-18T10:00:00+05:30
pbd_7d145711,room_type,rmt_274eb639,2421.41,5972.82,IDR,15,25,50.00,0,2026-08-18T10:00:00+05:30
pbd_ec936c6b,room_type,rmt_629d88b3,3099.41,7645.20,IDR,8,18,10.00,0,2026-08-18T10:00:00+05:30
pbd_7ac24661,room_type,rmt_163a5573,4261.68,10512.14,IDR,8,30,10.00,0,2026-08-18T10:00:00+05:30
pbd_62dd05dc,room_type,rmt_18ae9b53,5005.49,12346.88,IDR,15,18,1.00,0,2026-08-18T10:00:00+05:30
pbd_3cc1f5e0,room_type,rmt_7866dc07,6256.87,15433.61,IDR,15,30,10.00,0,2026-08-18T10:00:00+05:30
pbd_011149b2,room_type,rmt_1d483907,8008.79,19755.02,IDR,10,25,1.00,0,2026-08-18T10:00:00+05:30
pbd_8d18b4d5,room_type,rmt_d8114f77,11012.09,27163.16,IDR,8,25,10.00,0,2026-08-18T10:00:00+05:30
pbd_45354751,room_type,rmt_3d4b5c07,2159.36,5326.41,IDR,10,18,10.00,0,2026-08-18T10:00:00+05:30
pbd_f7227803,room_type,rmt_6f1ebd3e,2699.20,6658.02,IDR,5,30,10.00,0,2026-08-18T10:00:00+05:30
pbd_7806e8f4,room_type,rmt_438cfcdc,3454.97,8522.27,IDR,8,30,1.00,0,2026-08-18T10:00:00+05:30
pbd_dad5c802,room_type,rmt_e47a2e88,4750.59,11718.12,IDR,10,25,1.00,0,2026-08-18T10:00:00+05:30
pbd_543b7a36,room_type,rmt_0b14ba9c,2869.66,7078.49,IDR,10,30,10.00,0,2026-08-18T10:00:00+05:30
pbd_191d0b7f,room_type,rmt_78f9c9f4,3587.07,8848.11,IDR,5,30,50.00,0,2026-08-18T10:00:00+05:30
pbd_f8327daa,room_type,rmt_90438c3c,4591.45,11325.57,IDR,10,30,50.00,0,2026-08-18T10:00:00+05:30
pbd_e7889cb6,room_type,rmt_3cac5263,6313.25,15572.67,IDR,5,25,10.00,0,2026-08-18T10:00:00+05:30
pbd_9966a76d,room_type,rmt_11f5382b,2419.51,5968.12,IDR,15,30,50.00,0,2026-08-18T10:00:00+05:30
pbd_b9381979,room_type,rmt_ea923c1e,3024.38,7460.14,IDR,5,30,10.00,0,2026-08-18T10:00:00+05:30
pbd_06b7ae91,room_type,rmt_9983b248,3871.21,9548.98,IDR,5,25,50.00,0,2026-08-18T10:00:00+05:30
pbd_15b7f355,room_type,rmt_fac0fd45,5322.92,13129.86,IDR,10,18,10.00,0,2026-08-18T10:00:00+05:30
pbd_a1c109a3,room_type,rmt_52ff82de,2303.78,5682.66,JPY,8,18,10.00,0,2026-08-18T10:00:00+05:30
pbd_e745cbcc,room_type,rmt_db498e20,2879.73,7103.33,JPY,5,18,1.00,0,2026-08-18T10:00:00+05:30
pbd_02ee84a5,room_type,rmt_376bcb30,3686.05,9092.25,JPY,10,30,10.00,0,2026-08-18T10:00:00+05:30
pbd_affdf0e1,room_type,rmt_01009717,5068.32,12501.86,JPY,15,25,1.00,0,2026-08-18T10:00:00+05:30
pbd_53ccdcde,room_type,rmt_1bed80c5,10226.21,25224.66,JPY,15,25,1.00,0,2026-08-18T10:00:00+05:30
pbd_42ed79ec,room_type,rmt_182c1390,12782.77,31530.83,JPY,8,18,1.00,0,2026-08-18T10:00:00+05:30
pbd_853a51be,room_type,rmt_10afc965,16361.94,40359.45,JPY,15,18,50.00,0,2026-08-18T10:00:00+05:30
pbd_3597f6c5,room_type,rmt_21874df4,22497.67,55494.25,JPY,10,18,1.00,0,2026-08-18T10:00:00+05:30
pbd_27adce5e,room_type,rmt_8a789085,2861.95,7059.47,JPY,10,25,50.00,0,2026-08-18T10:00:00+05:30
pbd_d45c4281,room_type,rmt_3191a5b4,3577.44,8824.35,JPY,8,30,1.00,0,2026-08-18T10:00:00+05:30
pbd_04afa67b,room_type,rmt_841c8103,4579.12,11295.16,JPY,5,18,50.00,0,2026-08-18T10:00:00+05:30
pbd_d5041d63,room_type,rmt_16ef5eb2,6296.29,15530.84,JPY,10,30,1.00,0,2026-08-18T10:00:00+05:30
pbd_018dcaa1,room_type,rmt_c15be1a0,5125.19,12642.14,JPY,15,25,1.00,0,2026-08-18T10:00:00+05:30
pbd_eeaa599a,room_type,rmt_b4e8bb06,6406.49,15802.68,JPY,10,30,50.00,0,2026-08-18T10:00:00+05:30
pbd_48ee9fcd,room_type,rmt_505f071e,8200.31,20227.42,JPY,15,30,50.00,0,2026-08-18T10:00:00+05:30
pbd_4862be46,room_type,rmt_c95b893d,2029.58,5006.29,JPY,10,30,1.00,0,2026-08-18T10:00:00+05:30
pbd_ed88aaa1,room_type,rmt_2466b8b6,7653.65,18878.99,JPY,8,25,10.00,0,2026-08-18T10:00:00+05:30
pbd_2edcf6ce,room_type,rmt_ed5919b8,9567.06,23598.75,JPY,8,30,50.00,0,2026-08-18T10:00:00+05:30
pbd_b017c626,room_type,rmt_e5fb22cb,12245.84,30206.39,JPY,5,30,10.00,0,2026-08-18T10:00:00+05:30
pbd_794cd202,room_type,rmt_59bdcf0b,16838.02,41533.78,JPY,15,25,1.00,0,2026-08-18T10:00:00+05:30
pbd_639cff53,room_type,rmt_00c81387,1632.68,4027.27,CHF,10,25,10.00,0,2026-08-18T10:00:00+05:30
pbd_5a4008d7,room_type,rmt_1d1c6517,2040.84,5034.07,CHF,10,30,50.00,0,2026-08-18T10:00:00+05:30
pbd_3d3028c8,room_type,rmt_f1f910a7,2612.27,6443.61,CHF,8,18,50.00,0,2026-08-18T10:00:00+05:30
pbd_ec18fdbc,room_type,rmt_7ff54089,3591.88,8859.96,CHF,5,25,50.00,0,2026-08-18T10:00:00+05:30
pbd_9962bc94,room_type,rmt_921dede2,2322.49,5728.80,CHF,10,25,50.00,0,2026-08-18T10:00:00+05:30
pbd_2a6ca899,room_type,rmt_72d2bca1,2903.12,7161.02,CHF,8,30,1.00,0,2026-08-18T10:00:00+05:30
pbd_30f1f91a,room_type,rmt_4167b902,3715.99,9166.10,CHF,5,25,50.00,0,2026-08-18T10:00:00+05:30
pbd_785a7f57,room_type,rmt_640b18e3,5109.48,12603.38,CHF,5,25,50.00,0,2026-08-18T10:00:00+05:30
pbd_119e6809,room_type,rmt_0b92b461,11622.46,28668.73,CHF,10,25,50.00,0,2026-08-18T10:00:00+05:30
pbd_7b5f9956,room_type,rmt_00534217,14528.07,35835.91,CHF,10,30,10.00,0,2026-08-18T10:00:00+05:30
pbd_3dd68447,room_type,rmt_af6204bb,18595.94,45869.97,CHF,10,30,50.00,0,2026-08-18T10:00:00+05:30
pbd_9c88b18a,room_type,rmt_ba2a6a3c,25569.41,63071.22,CHF,15,30,10.00,0,2026-08-18T10:00:00+05:30
pbd_4a163289,room_type,rmt_8ba4ad3c,2707.36,6678.15,CHF,10,25,1.00,0,2026-08-18T10:00:00+05:30
pbd_2d52b754,room_type,rmt_0fa8117b,3384.20,8347.68,CHF,10,25,1.00,0,2026-08-18T10:00:00+05:30
pbd_157a8bb0,room_type,rmt_acc1af70,4331.77,10685.03,CHF,8,25,1.00,0,2026-08-18T10:00:00+05:30
pbd_720f8173,room_type,rmt_1b8a9b54,5956.19,14691.92,CHF,8,25,50.00,0,2026-08-18T10:00:00+05:30
pbd_8da8ed86,room_type,rmt_5b428d28,2977.37,7344.17,CHF,8,25,1.00,0,2026-08-18T10:00:00+05:30
pbd_fa1cdacf,room_type,rmt_7e03200c,3721.71,9180.22,CHF,10,30,10.00,0,2026-08-18T10:00:00+05:30
pbd_12f03d4e,room_type,rmt_a6d366f8,4763.79,11750.68,CHF,5,25,50.00,0,2026-08-18T10:00:00+05:30
pbd_dc41b01b,room_type,rmt_58db3ea9,6550.21,16157.18,CHF,5,18,10.00,0,2026-08-18T10:00:00+05:30
pbd_f9c5ce0a,flight_fare,far_de392411,6258.32,15437.20,INR,15,18,10.00,0,2026-08-18T10:00:00+05:30
pbd_515d7fb1,flight_fare,far_0a270b2a,1617.17,3989.03,INR,15,18,10.00,0,2026-08-18T10:00:00+05:30
pbd_b791638a,flight_fare,far_4f2a701a,23511.68,57995.48,INR,8,18,10.00,0,2026-08-18T10:00:00+05:30
pbd_736b1231,flight_fare,far_96e8f686,6100.67,15048.31,INR,8,30,1.00,0,2026-08-18T10:00:00+05:30
pbd_7daf5c75,flight_fare,far_8959e9ef,32216.17,79466.55,INR,8,30,10.00,0,2026-08-18T10:00:00+05:30
pbd_16a3d0e3,flight_fare,far_f48355e4,6003.04,14807.49,INR,15,18,10.00,0,2026-08-18T10:00:00+05:30
pbd_1deb6e88,flight_fare,far_ec3c1d1a,2924489.38,7213740.46,IDR,10,18,1.00,0,2026-08-18T10:00:00+05:30
pbd_30f7cf94,flight_fare,far_4212cc1d,840.58,2073.42,AED,10,18,1.00,0,2026-08-18T10:00:00+05:30
pbd_bb3b9cdc,flight_fare,far_532107de,9530.90,23509.54,INR,15,30,1.00,0,2026-08-18T10:00:00+05:30
pbd_1e977d4c,flight_fare,far_1d1febf2,10732.91,26474.52,INR,15,25,1.00,0,2026-08-18T10:00:00+05:30
pbd_e91453e9,flight_fare,far_eefaceb8,3657.15,9020.97,THB,8,25,50.00,0,2026-08-18T10:00:00+05:30
pbd_0e9ac867,flight_fare,far_5f878022,3453.41,8518.40,INR,8,18,50.00,0,2026-08-18T10:00:00+05:30
pbd_027d6b9b,flight_fare,far_7dc9be6a,21606.07,53294.97,INR,8,25,1.00,0,2026-08-18T10:00:00+05:30
pbd_19b60224,flight_fare,far_95d1b3d4,8749.45,21581.97,INR,8,30,1.00,0,2026-08-18T10:00:00+05:30
pbd_1f2905a2,flight_fare,far_ea13ea8f,26623.04,65670.17,INR,10,30,10.00,0,2026-08-18T10:00:00+05:30
pbd_6495b886,flight_fare,far_01202bdc,3225.45,7956.11,THB,8,25,1.00,0,2026-08-18T10:00:00+05:30
pbd_211bfc98,flight_fare,far_f093c4b9,14467.00,35685.26,INR,5,25,10.00,0,2026-08-18T10:00:00+05:30
pbd_afe01129,flight_fare,far_8d1118cc,5689.08,14033.06,INR,10,25,10.00,0,2026-08-18T10:00:00+05:30
pbd_63724599,flight_fare,far_806f56b4,7664.00,18904.54,INR,15,30,10.00,0,2026-08-18T10:00:00+05:30
pbd_e77bd980,flight_fare,far_21b4dbdf,2693.15,6643.11,INR,15,18,10.00,0,2026-08-18T10:00:00+05:30
pbd_96568c36,flight_fare,far_270d2375,2712.56,6690.97,INR,5,25,1.00,0,2026-08-18T10:00:00+05:30
pbd_dfb83114,flight_fare,far_718d7fb0,8969.26,22124.17,INR,8,25,1.00,0,2026-08-18T10:00:00+05:30
pbd_944fb5a0,flight_fare,far_b77e4882,48301.97,119144.85,INR,10,18,10.00,1,2026-08-18T10:00:00+05:30
pbd_2595eaec,flight_fare,far_4956bc3d,839.17,2069.95,INR,15,25,1.00,0,2026-08-18T10:00:00+05:30
pbd_ec419617,flight_fare,far_9f059f50,16458.20,40596.88,INR,15,30,10.00,0,2026-08-18T10:00:00+05:30
pbd_3b6e728d,flight_fare,far_4ecfe1e2,4512.86,11131.71,INR,15,25,1.00,0,2026-08-18T10:00:00+05:30
pbd_5f7bc907,flight_fare,far_ced8fb56,361.83,892.51,THB,15,18,10.00,0,2026-08-18T10:00:00+05:30
pbd_141e5fff,flight_fare,far_c32eb1cd,822.42,2028.64,AED,15,18,50.00,0,2026-08-18T10:00:00+05:30
pbd_7d0debe0,flight_fare,far_6157bdfd,193.31,476.82,SGD,5,18,50.00,0,2026-08-18T10:00:00+05:30
pbd_0d99a50a,flight_fare,far_35f7816c,24711.79,60955.74,INR,10,30,1.00,0,2026-08-18T10:00:00+05:30
pbd_2438d793,flight_fare,far_08789f42,10655.81,26284.34,INR,5,18,1.00,0,2026-08-18T10:00:00+05:30
pbd_651a7bbf,flight_fare,far_9047869d,307.42,758.30,AED,10,25,1.00,0,2026-08-18T10:00:00+05:30
pbd_0acfe970,flight_fare,far_530fe732,8134671.07,20065521.97,IDR,10,30,50.00,0,2026-08-18T10:00:00+05:30
pbd_622520a8,flight_fare,far_b731f3b6,10766.49,26557.34,INR,10,25,1.00,0,2026-08-18T10:00:00+05:30
pbd_614d3a72,flight_fare,far_42ca2607,14854.02,36639.92,INR,10,25,10.00,0,2026-08-18T10:00:00+05:30
pbd_663abc68,flight_fare,far_2a37d7e3,9690.62,23903.54,INR,15,30,10.00,1,2026-08-18T10:00:00+05:30
pbd_f1d0e1a1,flight_fare,far_f7ffd3ec,4863.76,11997.27,INR,8,25,50.00,0,2026-08-18T10:00:00+05:30
pbd_3ae514e6,flight_fare,far_ac1549cb,9799.94,24173.17,INR,8,18,1.00,0,2026-08-18T10:00:00+05:30
pbd_fc6ef6b5,flight_fare,far_7e975472,14669.81,36185.52,INR,8,30,1.00,0,2026-08-18T10:00:00+05:30
pbd_688317e3,flight_fare,far_45d8dbf9,8711.49,21488.34,INR,10,30,50.00,0,2026-08-18T10:00:00+05:30
pbd_bff5b9e9,flight_fare,far_c8d22607,26304.99,64885.64,INR,8,18,1.00,0,2026-08-18T10:00:00+05:30
pbd_ba44349d,flight_fare,far_b728b7e5,3288.22,8110.94,INR,15,25,1.00,0,2026-08-18T10:00:00+05:30
pbd_940dec59,flight_fare,far_30994bdf,23681.81,58415.12,INR,5,30,50.00,0,2026-08-18T10:00:00+05:30
pbd_67a735f9,flight_fare,far_47f0a2df,9685.72,23891.44,INR,15,18,1.00,0,2026-08-18T10:00:00+05:30
pbd_4d559480,flight_fare,far_84bd8be4,3341.20,8241.62,INR,5,25,10.00,0,2026-08-18T10:00:00+05:30
pbd_1a54ae6e,flight_fare,far_40cc61e7,28404.21,70063.72,INR,10,30,1.00,0,2026-08-18T10:00:00+05:30
pbd_6a46f1e7,flight_fare,far_453f57bd,2007.09,4950.82,INR,15,25,1.00,0,2026-08-18T10:00:00+05:30
pbd_92f15926,flight_fare,far_a043bd8e,1810.64,4466.25,MYR,5,18,1.00,0,2026-08-18T10:00:00+05:30
pbd_7d6d035a,flight_fare,far_80a774e3,5730.83,14136.04,INR,8,18,1.00,0,2026-08-18T10:00:00+05:30
pbd_b24c0152,flight_fare,far_49938423,38354.62,94608.06,INR,15,25,1.00,0,2026-08-18T10:00:00+05:30
pbd_a2db17ae,flight_fare,far_80bb8307,8564.96,21126.91,THB,10,25,1.00,0,2026-08-18T10:00:00+05:30
pbd_38d94009,flight_fare,far_829fd0bd,13058.11,32210.00,INR,5,30,1.00,0,2026-08-18T10:00:00+05:30
pbd_eef298ca,flight_fare,far_8361ea44,10896.95,26879.13,INR,15,30,1.00,0,2026-08-18T10:00:00+05:30
pbd_a83be644,flight_fare,far_f88c499a,4937.69,12179.62,THB,15,30,50.00,0,2026-08-18T10:00:00+05:30
pbd_7fb7addb,flight_fare,far_7c11e546,2225.21,5488.84,INR,15,18,10.00,0,2026-08-18T10:00:00+05:30
pbd_e0c1b160,flight_fare,far_1764c357,797.72,1967.72,SGD,8,25,10.00,0,2026-08-18T10:00:00+05:30
pbd_a39d6bcd,flight_fare,far_65f90d6e,3491.99,8613.58,INR,5,30,50.00,0,2026-08-18T10:00:00+05:30
pbd_941924f4,flight_fare,far_6a114e79,55105.22,135926.22,INR,10,18,50.00,0,2026-08-18T10:00:00+05:30
pbd_968fb4e4,flight_fare,far_9011d8da,702.26,1732.23,SGD,15,18,10.00,0,2026-08-18T10:00:00+05:30
pbd_e3f9083d,flight_fare,far_5cd80c86,26672.97,65793.33,INR,10,18,10.00,0,2026-08-18T10:00:00+05:30
pbd_08b01f53,flight_fare,far_ce4b4998,327.57,808.01,AED,8,30,10.00,0,2026-08-18T10:00:00+05:30
pbd_7db23bda,flight_fare,far_0bf24174,3009.44,7423.29,THB,5,18,10.00,0,2026-08-18T10:00:00+05:30
pbd_2cca2b06,flight_fare,far_64a9ee35,2605.02,6425.72,INR,10,25,1.00,0,2026-08-18T10:00:00+05:30
pbd_45cf8fd1,flight_fare,far_b5b16f1d,16748.41,41312.74,INR,5,25,10.00,0,2026-08-18T10:00:00+05:30
pbd_acaff71c,flight_fare,far_3683ef29,8554.07,21100.05,INR,15,30,50.00,0,2026-08-18T10:00:00+05:30
pbd_793bf209,flight_fare,far_028e93cc,7932.45,19566.71,INR,5,25,50.00,1,2026-08-18T10:00:00+05:30
pbd_703332d2,flight_fare,far_39ccc56c,10762.10,26546.52,INR,10,25,50.00,0,2026-08-18T10:00:00+05:30
pbd_988026ce,flight_fare,far_d25e9f5a,6927.41,17087.60,INR,10,25,50.00,0,2026-08-18T10:00:00+05:30
pbd_03ae15ba,flight_fare,far_a4e27676,2735.35,6747.19,INR,15,25,50.00,0,2026-08-18T10:00:00+05:30
pbd_fc273a7b,flight_fare,far_9dc2aeb2,4056.69,10006.50,INR,15,30,50.00,0,2026-08-18T10:00:00+05:30
pbd_d7c5c222,flight_fare,far_8bde158c,3774.77,9311.11,INR,8,30,1.00,1,2026-08-18T10:00:00+05:30
pbd_d6b4917d,flight_fare,far_068c20f3,1847.19,4556.40,INR,10,30,1.00,0,2026-08-18T10:00:00+05:30
pbd_8bb38f24,flight_fare,far_3d730c03,511.28,1261.15,MYR,10,25,10.00,0,2026-08-18T10:00:00+05:30
pbd_da78e533,flight_fare,far_519e0072,28872.23,71218.17,INR,15,30,50.00,1,2026-08-18T10:00:00+05:30
pbd_10f28646,flight_fare,far_45d8f68a,4414540.71,10889200.42,IDR,8,30,10.00,0,2026-08-18T10:00:00+05:30
pbd_828fc0fd,flight_fare,far_a14153f6,4732.19,11672.74,INR,8,30,10.00,1,2026-08-18T10:00:00+05:30
pbd_e67313c5,flight_fare,far_233e3feb,2932936.17,7234575.89,IDR,5,30,50.00,0,2026-08-18T10:00:00+05:30
pbd_29fb81f7,flight_fare,far_3888b549,8984.90,22162.76,INR,8,18,50.00,0,2026-08-18T10:00:00+05:30
pbd_b2864a4b,flight_fare,far_de1eb7fa,3286.87,8107.61,INR,10,25,1.00,0,2026-08-18T10:00:00+05:30
pbd_fb86ff7d,flight_fare,far_dda7ef8c,16262.93,40115.23,THB,8,25,50.00,0,2026-08-18T10:00:00+05:30
pbd_e4668ea5,flight_fare,far_808dc3ad,20117.57,49623.33,INR,15,25,50.00,0,2026-08-18T10:00:00+05:30
pbd_38f7fa98,flight_fare,far_e5652999,10852.02,26768.32,INR,15,18,10.00,0,2026-08-18T10:00:00+05:30
pbd_c0a26422,flight_fare,far_de9da2b5,10420.87,25704.81,INR,8,25,50.00,0,2026-08-18T10:00:00+05:30
pbd_a48a08a9,flight_fare,far_cc8097d1,6855.64,16910.57,INR,15,18,50.00,0,2026-08-18T10:00:00+05:30
pbd_7c559381,flight_fare,far_3f0a7b26,17289.90,42648.42,INR,8,30,50.00,0,2026-08-18T10:00:00+05:30
pbd_67979a76,flight_fare,far_e65a6a7a,62.35,153.79,SGD,15,25,50.00,0,2026-08-18T10:00:00+05:30
pbd_0722f030,flight_fare,far_0add361b,2959.25,7299.47,INR,15,30,10.00,0,2026-08-18T10:00:00+05:30
pbd_f96eb5f3,flight_fare,far_6cfe436c,17412.92,42951.86,INR,8,25,10.00,0,2026-08-18T10:00:00+05:30
pbd_832d7bab,flight_fare,far_bf33c3b9,17680.65,43612.27,INR,15,18,10.00,0,2026-08-18T10:00:00+05:30
pbd_77dddf80,flight_fare,far_b48e4027,18479.45,45582.65,INR,8,30,1.00,0,2026-08-18T10:00:00+05:30
pbd_50258aec,flight_fare,far_79ede5da,39922.19,98474.72,INR,10,18,1.00,0,2026-08-18T10:00:00+05:30
pbd_b2a7b1cd,flight_fare,far_84a649ab,10924.41,26946.88,INR,10,18,50.00,0,2026-08-18T10:00:00+05:30
pbd_956f4cb2,flight_fare,far_f32ef4b1,5246.87,12942.29,INR,10,30,10.00,0,2026-08-18T10:00:00+05:30
pbd_a403c37c,flight_fare,far_a82d9e6f,945.92,2333.26,INR,10,25,10.00,0,2026-08-18T10:00:00+05:30
pbd_cc085abd,flight_fare,far_e56f7204,15232.03,37572.33,INR,15,25,1.00,0,2026-08-18T10:00:00+05:30
pbd_522cebac,flight_fare,far_57f06517,3144.46,7756.33,INR,15,30,1.00,0,2026-08-18T10:00:00+05:30
pbd_7d7f051b,flight_fare,far_b5026204,4104.28,10123.88,INR,8,30,10.00,0,2026-08-18T10:00:00+05:30
pbd_a973df16,flight_fare,far_2a35eb6d,2227.25,5493.87,INR,10,18,50.00,0,2026-08-18T10:00:00+05:30
pbd_fa51dfb9,flight_fare,far_45e43aa1,11064809.37,27293196.45,IDR,8,18,50.00,0,2026-08-18T10:00:00+05:30
pbd_276abd5a,flight_fare,far_8bf356a1,3385314.34,8350442.03,IDR,10,25,10.00,0,2026-08-18T10:00:00+05:30
pbd_fbbb7060,flight_fare,far_4cf60651,11186680.07,27593810.85,IDR,10,18,1.00,0,2026-08-18T10:00:00+05:30
pbd_6575bede,flight_fare,far_97745828,4429.92,10927.14,THB,10,18,1.00,0,2026-08-18T10:00:00+05:30
pbd_579e3359,flight_fare,far_14623e17,54152.11,133575.20,INR,10,25,1.00,0,2026-08-18T10:00:00+05:30
pbd_4e8650f6,flight_fare,far_ab3fe10f,8857.60,21848.74,INR,8,30,10.00,0,2026-08-18T10:00:00+05:30
pbd_16fbef0e,flight_fare,far_977923e7,5235.43,12914.05,THB,15,18,10.00,0,2026-08-18T10:00:00+05:30
pbd_95df0be2,flight_fare,far_6c25b540,1167.66,2880.23,INR,5,25,1.00,0,2026-08-18T10:00:00+05:30
pbd_1f40cd3e,flight_fare,far_a2cc2032,11566.89,28531.66,INR,5,25,1.00,0,2026-08-18T10:00:00+05:30
pbd_7f154c4e,flight_fare,far_9451aa5c,14259.52,35173.48,INR,15,25,10.00,0,2026-08-18T10:00:00+05:30
pbd_df32c57e,flight_fare,far_2999fbaa,965.50,2381.56,INR,15,18,10.00,0,2026-08-18T10:00:00+05:30
pbd_49f481ab,flight_fare,far_ad6828f1,12273.98,30275.81,INR,10,18,1.00,0,2026-08-18T10:00:00+05:30
pbd_4a01a058,flight_fare,far_b0af1d37,6880.19,16971.12,INR,15,25,1.00,0,2026-08-18T10:00:00+05:30
pbd_8cd53fa5,flight_fare,far_4b992185,1933.59,4769.52,INR,10,25,1.00,0,2026-08-18T10:00:00+05:30
pbd_a8bd53fa,flight_fare,far_62dbf2da,3665.87,9042.49,INR,8,30,10.00,0,2026-08-18T10:00:00+05:30
pbd_b241921e,flight_fare,far_e790c8f3,953.00,2350.74,AED,8,18,10.00,0,2026-08-18T10:00:00+05:30
pbd_7312b255,flight_fare,far_421c5922,1636.84,4037.53,INR,15,25,1.00,0,2026-08-18T10:00:00+05:30
pbd_a44d1796,flight_fare,far_66bad4b6,1299.89,3206.40,MYR,8,18,10.00,0,2026-08-18T10:00:00+05:30
pbd_eb2a0494,flight_fare,far_16eeaf73,2792.40,6887.92,INR,5,18,1.00,0,2026-08-18T10:00:00+05:30
pbd_61e3fb5e,flight_fare,far_cb3be60c,1326.30,3271.54,INR,5,30,10.00,0,2026-08-18T10:00:00+05:30
pbd_d9f2dd7e,flight_fare,far_1a63d770,3415.83,8425.71,INR,8,18,10.00,0,2026-08-18T10:00:00+05:30
pbd_f333c3f7,flight_fare,far_cd4c27fc,12948.64,31939.97,INR,8,18,1.00,0,2026-08-18T10:00:00+05:30
pbd_56d8428c,flight_fare,far_16d38b3c,9707.78,23945.85,INR,10,18,10.00,0,2026-08-18T10:00:00+05:30
pbd_c8747b2c,flight_fare,far_4efe7b07,1154.93,2848.82,AED,10,30,10.00,0,2026-08-18T10:00:00+05:30
pbd_b6d12b7b,flight_fare,far_821dbbd4,4417.12,10895.56,THB,5,25,10.00,0,2026-08-18T10:00:00+05:30
pbd_067957f1,flight_fare,far_6c97719e,9553.70,23565.78,INR,15,30,10.00,0,2026-08-18T10:00:00+05:30
pbd_22c98226,flight_fare,far_f99ffdda,6737.12,16618.24,INR,10,30,50.00,0,2026-08-18T10:00:00+05:30
pbd_64ddf29d,flight_fare,far_fd3c585e,1588.40,3918.04,MYR,15,18,10.00,0,2026-08-18T10:00:00+05:30
pbd_d529f22a,flight_fare,far_daf3e46d,13592.93,33529.23,INR,15,18,50.00,0,2026-08-18T10:00:00+05:30
pbd_c1fae642,flight_fare,far_b0c275d8,5011902.70,12362693.32,IDR,15,25,10.00,0,2026-08-18T10:00:00+05:30
pbd_318f47cb,flight_fare,far_11fd7260,23668.97,58383.47,INR,10,18,1.00,0,2026-08-18T10:00:00+05:30
pbd_48a0db25,flight_fare,far_eb05189f,4873.95,12022.41,INR,15,25,50.00,0,2026-08-18T10:00:00+05:30
pbd_ed8d67e0,flight_fare,far_69cf0372,1507.43,3718.32,MYR,10,30,50.00,0,2026-08-18T10:00:00+05:30
pbd_327230ff,flight_fare,far_2aa86543,324.24,799.79,SGD,10,18,1.00,1,2026-08-18T10:00:00+05:30
pbd_05b4afc4,flight_fare,far_8d321036,50.48,124.52,MYR,10,25,50.00,0,2026-08-18T10:00:00+05:30
pbd_2013b460,flight_fare,far_1695467a,16646.76,41062.01,INR,5,18,10.00,0,2026-08-18T10:00:00+05:30
pbd_c8a0c84e,flight_fare,far_a20a33a2,12433.40,30669.04,THB,10,25,50.00,0,2026-08-18T10:00:00+05:30
pbd_7c3db44e,flight_fare,far_76a808bb,47216.52,116467.42,INR,10,25,50.00,0,2026-08-18T10:00:00+05:30
pbd_ab08b912,flight_fare,far_1a4c66dd,9377.12,23130.22,INR,10,18,1.00,0,2026-08-18T10:00:00+05:30
pbd_8ed2e0ef,flight_fare,far_1c19034e,275.47,679.49,SGD,5,18,1.00,0,2026-08-18T10:00:00+05:30
pbd_af414c2a,flight_fare,far_320dc0d9,2838.24,7000.99,INR,15,30,1.00,1,2026-08-18T10:00:00+05:30
pbd_7f9abc6a,flight_fare,far_c9605aff,5572.78,13746.18,INR,10,30,1.00,0,2026-08-18T10:00:00+05:30
pbd_463f6aab,flight_fare,far_d199006a,9702.62,23933.12,INR,8,30,1.00,0,2026-08-18T10:00:00+05:30
pbd_3dca1a8c,flight_fare,far_e3caed60,5979.35,14749.05,INR,8,25,1.00,0,2026-08-18T10:00:00+05:30
pbd_15bdcabf,flight_fare,far_e7af795c,5259.64,12973.77,INR,8,18,1.00,0,2026-08-18T10:00:00+05:30
pbd_9e752a3b,flight_fare,far_c392c219,8332169.11,20552683.80,IDR,5,25,1.00,0,2026-08-18T10:00:00+05:30
pbd_6a1b17fb,flight_fare,far_ab1dc42a,9589.31,23653.64,INR,8,18,10.00,0,2026-08-18T10:00:00+05:30
pbd_86281f28,flight_fare,far_10b3819c,994.17,2452.29,MYR,15,30,50.00,0,2026-08-18T10:00:00+05:30
pbd_405ede8f,flight_fare,far_0d3142dc,349.44,861.95,MYR,10,18,50.00,0,2026-08-18T10:00:00+05:30
pbd_ab977859,flight_fare,far_a68124ca,33802.26,83378.91,INR,10,25,10.00,0,2026-08-18T10:00:00+05:30
pbd_6c2d395a,flight_fare,far_f18ad428,9809.56,24196.91,INR,15,25,50.00,0,2026-08-18T10:00:00+05:30
pbd_2038d56a,flight_fare,far_82f6a87d,11206943.08,27643792.92,IDR,5,25,50.00,0,2026-08-18T10:00:00+05:30
pbd_9d0e1ccb,flight_fare,far_9d5b6021,7073813.28,17448739.42,IDR,15,30,10.00,0,2026-08-18T10:00:00+05:30
pbd_e244add5,flight_fare,far_1c684b8b,87.92,216.88,SGD,8,18,1.00,0,2026-08-18T10:00:00+05:30
pbd_829459ef,flight_fare,far_bea5a9c5,14990.26,36975.97,INR,8,30,1.00,0,2026-08-18T10:00:00+05:30
pbd_583ecb38,flight_fare,far_9cda950a,15076.14,37187.81,INR,15,30,10.00,0,2026-08-18T10:00:00+05:30
pbd_dbe391ff,flight_fare,far_d20b259b,3356507.78,8279385.85,IDR,10,25,1.00,0,2026-08-18T10:00:00+05:30
pbd_52b866b7,flight_fare,far_65bbda2d,15748.70,38846.80,INR,8,30,10.00,0,2026-08-18T10:00:00+05:30
pbd_b90d3c79,flight_fare,far_365c3b1b,11029.95,27207.21,INR,10,18,1.00,0,2026-08-18T10:00:00+05:30
pbd_f68e4acb,flight_fare,far_5630ca63,27127.08,66913.46,INR,10,25,1.00,0,2026-08-18T10:00:00+05:30
pbd_1e31de7d,flight_fare,far_efe29261,10350.51,25531.26,THB,8,18,10.00,0,2026-08-18T10:00:00+05:30
pbd_4ed1db57,flight_fare,far_5edd4b6a,8517.40,21009.58,THB,10,30,1.00,0,2026-08-18T10:00:00+05:30
pbd_e0cdd7ef,flight_fare,far_a5ef6376,9590.42,23656.36,THB,15,25,10.00,0,2026-08-18T10:00:00+05:30
pbd_be20aaf3,flight_fare,far_28bbc3d3,3916.36,9660.35,THB,5,25,10.00,0,2026-08-18T10:00:00+05:30
pbd_e2d3cbc3,flight_fare,far_65c26970,21672.83,53459.65,INR,15,30,50.00,0,2026-08-18T10:00:00+05:30
pbd_53f59753,flight_fare,far_a376ed37,227.57,561.35,SGD,10,30,1.00,0,2026-08-18T10:00:00+05:30
pbd_955e505e,flight_fare,far_35f0792a,4221.81,10413.80,INR,10,18,10.00,0,2026-08-18T10:00:00+05:30
pbd_51c3fbd6,flight_fare,far_23ec0835,10278.32,25353.20,INR,10,25,1.00,0,2026-08-18T10:00:00+05:30
pbd_c5dbf1e5,flight_fare,far_501e06f8,2485.12,6129.96,INR,5,18,1.00,0,2026-08-18T10:00:00+05:30
pbd_34000fe7,flight_fare,far_9ecc0e13,2838.00,7000.40,INR,8,18,50.00,0,2026-08-18T10:00:00+05:30
pbd_142c5b90,flight_fare,far_dd4b6ac4,4987199.58,12301758.96,IDR,5,25,50.00,0,2026-08-18T10:00:00+05:30
pbd_6eef3e8b,flight_fare,far_3fbc84d6,5129.15,12651.89,INR,15,30,1.00,0,2026-08-18T10:00:00+05:30
pbd_8b983b30,flight_fare,far_17e239fd,22822.50,56295.50,INR,10,18,10.00,0,2026-08-18T10:00:00+05:30
pbd_7a159b23,flight_fare,far_78925d76,2501.85,6171.23,MYR,15,18,50.00,0,2026-08-18T10:00:00+05:30
pbd_69454449,flight_fare,far_558a5e59,2982.92,7357.86,THB,5,30,1.00,0,2026-08-18T10:00:00+05:30
pbd_16718fd1,flight_fare,far_824c197f,14145.62,34892.52,INR,5,30,10.00,0,2026-08-18T10:00:00+05:30
pbd_1956d249,flight_fare,far_04c2d706,1903.69,4695.76,MYR,15,30,10.00,0,2026-08-18T10:00:00+05:30
pbd_233f26ce,flight_fare,far_be0e03c7,7972.42,19665.30,INR,5,18,10.00,0,2026-08-18T10:00:00+05:30
pbd_75b098c8,flight_fare,far_78314641,7050.37,17390.91,INR,15,25,10.00,0,2026-08-18T10:00:00+05:30
pbd_ac33ea37,flight_fare,far_60505f31,4470.75,11027.85,INR,10,18,10.00,0,2026-08-18T10:00:00+05:30
pbd_5ebd7517,flight_fare,far_0d358884,12063.50,29756.64,INR,10,30,50.00,0,2026-08-18T10:00:00+05:30
pbd_d8d66d83,flight_fare,far_5bab8e9e,14977.35,36944.13,INR,10,25,1.00,0,2026-08-18T10:00:00+05:30
pbd_a537c2e4,flight_fare,far_0f77664f,7759.37,19139.77,INR,15,18,10.00,0,2026-08-18T10:00:00+05:30
pbd_2db596e9,flight_fare,far_13ff179d,13531.43,33377.53,THB,10,18,50.00,0,2026-08-18T10:00:00+05:30
pbd_a91c090e,flight_fare,far_a29edde0,11286.71,27840.56,INR,15,30,1.00,0,2026-08-18T10:00:00+05:30
pbd_745d73c3,flight_fare,far_64d1b464,10658.40,26290.72,THB,10,18,1.00,0,2026-08-18T10:00:00+05:30
pbd_8607bdb9,flight_fare,far_45ff6c11,4855.59,11977.12,INR,5,25,1.00,0,2026-08-18T10:00:00+05:30
pbd_24637a43,flight_fare,far_5c040a50,19896.88,49078.96,INR,5,18,10.00,0,2026-08-18T10:00:00+05:30
pbd_a6432877,flight_fare,far_5db4de93,1130.08,2787.52,AED,5,30,1.00,0,2026-08-18T10:00:00+05:30
pbd_0a47ec34,flight_fare,far_304c1279,5278.19,13019.54,INR,15,25,1.00,0,2026-08-18T10:00:00+05:30
pbd_174e5a0e,flight_fare,far_c44b2e7b,6588.05,16250.51,INR,10,30,1.00,0,2026-08-18T10:00:00+05:30
pbd_fa8fc129,flight_fare,far_9d3288a9,7943.74,19594.55,INR,15,30,1.00,0,2026-08-18T10:00:00+05:30
pbd_30f8aee5,flight_fare,far_a01ef6a8,580.56,1432.05,SGD,8,18,10.00,0,2026-08-18T10:00:00+05:30
pbd_00027927,flight_fare,far_b28d6e76,10117.17,24955.69,INR,8,18,50.00,0,2026-08-18T10:00:00+05:30
pbd_53135904,flight_fare,far_80f7351d,8639.60,21311.02,INR,10,25,10.00,0,2026-08-18T10:00:00+05:30
pbd_14e18ec8,flight_fare,far_50c8dec8,4920.53,12137.30,INR,15,25,10.00,0,2026-08-18T10:00:00+05:30
pbd_fa27978b,flight_fare,far_0aa8d531,60812.09,150003.16,INR,15,25,50.00,1,2026-08-18T10:00:00+05:30
pbd_faf67cd4,flight_fare,far_a9795a84,21338.38,52634.66,INR,8,18,10.00,0,2026-08-18T10:00:00+05:30
pbd_cdd35f46,flight_fare,far_d059f044,7382.15,18209.31,INR,15,25,50.00,0,2026-08-18T10:00:00+05:30
pbd_970a9549,flight_fare,far_971f55b4,39730.82,98002.70,INR,5,30,50.00,0,2026-08-18T10:00:00+05:30
pbd_67b93af0,flight_fare,far_cb95efa7,1104.07,2723.37,AED,10,18,10.00,0,2026-08-18T10:00:00+05:30
pbd_a7e2ea3f,flight_fare,far_dfe7cbf6,23576.10,58154.38,INR,8,30,50.00,0,2026-08-18T10:00:00+05:30
pbd_c38917b6,flight_fare,far_e9d0a607,3497.31,8626.70,INR,5,30,10.00,0,2026-08-18T10:00:00+05:30
pbd_58516904,flight_fare,far_051299ac,2764.79,6819.80,INR,10,25,50.00,0,2026-08-18T10:00:00+05:30
pbd_f9d6245c,flight_fare,far_0f3e57b7,20897.12,51546.22,INR,5,18,50.00,0,2026-08-18T10:00:00+05:30
pbd_8bf1af5e,flight_fare,far_6b910c43,13402.28,33058.96,INR,15,25,1.00,0,2026-08-18T10:00:00+05:30
pbd_0485e516,flight_fare,far_f7ac9517,4247.27,10476.61,INR,15,18,50.00,0,2026-08-18T10:00:00+05:30
pbd_143fb237,flight_fare,far_e27d368d,17006.27,41948.79,INR,8,30,1.00,0,2026-08-18T10:00:00+05:30
pbd_f5b3586f,flight_fare,far_4df5e34c,2000.21,4933.86,INR,8,18,50.00,0,2026-08-18T10:00:00+05:30
pbd_6015d379,flight_fare,far_c7344e77,88.43,218.13,SGD,15,25,10.00,0,2026-08-18T10:00:00+05:30
pbd_2746768c,flight_fare,far_7f82f2a4,12247.91,30211.52,INR,5,25,1.00,0,2026-08-18T10:00:00+05:30
pbd_78f0dcce,flight_fare,far_88130343,14025.14,34595.35,INR,8,30,10.00,0,2026-08-18T10:00:00+05:30
pbd_55b156b8,flight_fare,far_43fd01fb,25697.58,63387.36,INR,15,18,10.00,0,2026-08-18T10:00:00+05:30
pbd_2ef1bb3e,flight_fare,far_ac4af5bc,3953883.70,9752913.12,IDR,5,25,1.00,0,2026-08-18T10:00:00+05:30
pbd_adab0214,flight_fare,far_880fa6b3,9625.02,23741.72,INR,8,25,10.00,0,2026-08-18T10:00:00+05:30
pbd_b91a0101,flight_fare,far_ca7a8c0f,531.30,1310.54,AED,10,25,1.00,0,2026-08-18T10:00:00+05:30
pbd_11eecbf7,flight_fare,far_8b80564a,891.53,2199.10,AED,15,18,50.00,0,2026-08-18T10:00:00+05:30
pbd_85decce8,flight_fare,far_ba945737,7955500.61,19623568.16,IDR,8,18,50.00,0,2026-08-18T10:00:00+05:30
pbd_894a3797,flight_fare,far_4d5c520d,10365.35,25567.87,INR,5,30,50.00,0,2026-08-18T10:00:00+05:30
pbd_365f4298,flight_fare,far_fdfa9098,4059.36,10013.09,INR,15,30,50.00,0,2026-08-18T10:00:00+05:30
pbd_785bfc2f,flight_fare,far_52f90ab3,4559.99,11247.98,INR,5,25,10.00,1,2026-08-18T10:00:00+05:30
pbd_93055925,flight_fare,far_24c056b7,431.14,1063.47,AED,8,25,1.00,0,2026-08-18T10:00:00+05:30
pbd_edb9d022,flight_fare,far_0ea9c6d1,118.30,291.80,SGD,10,25,10.00,0,2026-08-18T10:00:00+05:30
pbd_8323fca0,flight_fare,far_0a9cbcde,3009.61,7423.70,INR,15,30,1.00,1,2026-08-18T10:00:00+05:30
pbd_0ade82dd,flight_fare,far_d637c7e8,2851.63,7034.01,INR,5,30,50.00,0,2026-08-18T10:00:00+05:30
pbd_4fe296d5,flight_fare,far_4d5b654a,2504871.44,6178682.87,IDR,8,30,50.00,0,2026-08-18T10:00:00+05:30
pbd_50c901d3,flight_fare,far_5f1b4c70,1554.53,3834.50,AED,8,18,1.00,0,2026-08-18T10:00:00+05:30
pbd_b5206cb2,flight_fare,far_a2d7375b,5064.08,12491.40,INR,8,25,50.00,0,2026-08-18T10:00:00+05:30
pbd_03a91443,flight_fare,far_303af3b3,16496.05,40690.25,INR,5,25,1.00,0,2026-08-18T10:00:00+05:30
pbd_ae5ec35f,flight_fare,far_c937f49b,2167282.97,5345964.65,IDR,8,25,50.00,0,2026-08-18T10:00:00+05:30
pbd_f9de0b5a,flight_fare,far_55378de1,31.01,76.50,SGD,5,18,10.00,0,2026-08-18T10:00:00+05:30
pbd_dc8d7184,flight_fare,far_4f5d92bc,403.06,994.21,THB,15,18,50.00,0,2026-08-18T10:00:00+05:30
pbd_b94ff219,flight_fare,far_68e69669,3767.09,9292.16,INR,5,30,50.00,0,2026-08-18T10:00:00+05:30
pbd_e5e7b2e4,flight_fare,far_31973fa0,10628.48,26216.91,INR,5,18,50.00,0,2026-08-18T10:00:00+05:30
pbd_8cfc3961,flight_fare,far_cd3c96a2,26545.77,65479.57,INR,15,30,10.00,0,2026-08-18T10:00:00+05:30
pbd_2db6c8ae,flight_fare,far_abd1a8f3,5463.95,13477.73,INR,8,25,50.00,0,2026-08-18T10:00:00+05:30
pbd_e64288fb,flight_fare,far_f5fa13c0,1177.79,2905.22,AED,8,30,10.00,0,2026-08-18T10:00:00+05:30
pbd_341266eb,flight_fare,far_48332f76,3180.72,7845.78,INR,10,18,50.00,0,2026-08-18T10:00:00+05:30
pbd_49db6b1c,flight_fare,far_465a8f04,10018.89,24713.26,INR,15,30,1.00,0,2026-08-18T10:00:00+05:30
pbd_bb076a94,flight_fare,far_c72efefb,13571.05,33475.25,INR,5,25,1.00,0,2026-08-18T10:00:00+05:30
pbd_c1cf5a2c,flight_fare,far_ac961916,62947.09,155269.48,INR,10,25,1.00,1,2026-08-18T10:00:00+05:30
pbd_0c230f6b,flight_fare,far_d3a463f4,25000.58,61668.10,INR,15,25,1.00,0,2026-08-18T10:00:00+05:30
pbd_45d42951,flight_fare,far_42455c9b,3321.80,8193.78,INR,5,18,1.00,0,2026-08-18T10:00:00+05:30
pbd_01726326,flight_fare,far_1324b24b,2911248.62,7181079.92,IDR,15,25,10.00,0,2026-08-18T10:00:00+05:30
pbd_ee7869a0,flight_fare,far_fbcb5dd0,6649.70,16402.58,INR,10,30,1.00,0,2026-08-18T10:00:00+05:30
pbd_e9bd76ba,flight_fare,far_e8b7f3b8,23091.27,56958.47,INR,5,25,1.00,0,2026-08-18T10:00:00+05:30
pbd_09ad24ce,flight_fare,far_e2bd9d1d,13002.86,32073.73,INR,8,18,10.00,0,2026-08-18T10:00:00+05:30
pbd_29a5dfa1,flight_fare,far_fd1adc60,810.42,1999.04,MYR,5,18,50.00,0,2026-08-18T10:00:00+05:30
pbd_c35c6a0b,flight_fare,far_3447676a,845.94,2086.65,MYR,10,30,50.00,1,2026-08-18T10:00:00+05:30
pbd_0e8861f8,flight_fare,far_3a0300db,1767.61,4360.10,MYR,15,30,1.00,1,2026-08-18T10:00:00+05:30
pbd_507781b0,flight_fare,far_e16027cd,20058.04,49476.49,INR,10,30,10.00,0,2026-08-18T10:00:00+05:30
pbd_aacc919e,flight_fare,far_0ca8b041,6623.12,16337.02,INR,15,30,10.00,0,2026-08-18T10:00:00+05:30
pbd_c5448a53,flight_fare,far_16c319d6,1112.20,2743.42,AED,15,25,50.00,0,2026-08-18T10:00:00+05:30
pbd_b25b1e67,flight_fare,far_13c31801,4024.43,9926.93,THB,5,18,50.00,0,2026-08-18T10:00:00+05:30
pbd_a75f225a,flight_fare,far_eb86ded6,8104.14,19990.21,INR,15,18,10.00,0,2026-08-18T10:00:00+05:30
pbd_22b3afee,flight_fare,far_67b86041,7701.33,18996.61,INR,15,30,10.00,0,2026-08-18T10:00:00+05:30
pbd_85492bed,flight_fare,far_c5c7e037,341.14,841.47,SGD,15,18,1.00,0,2026-08-18T10:00:00+05:30
pbd_d3c79152,flight_fare,far_201bf1b5,18336.02,45228.86,INR,5,30,1.00,0,2026-08-18T10:00:00+05:30
pbd_2f47bce9,flight_fare,far_72792fbc,5814.36,14342.09,INR,5,30,10.00,0,2026-08-18T10:00:00+05:30
pbd_7cf7d950,flight_fare,far_14b8da4c,780.65,1925.61,AED,5,30,1.00,1,2026-08-18T10:00:00+05:30
pbd_b4a1b0ef,flight_fare,far_3ef06b80,445.64,1099.25,SGD,5,25,1.00,0,2026-08-18T10:00:00+05:30
pbd_f82e24ed,flight_fare,far_8bfc4882,8821.07,21758.63,INR,10,18,50.00,0,2026-08-18T10:00:00+05:30
pbd_dcc73acd,flight_fare,far_c0aed7ea,12079465.49,29796014.88,IDR,5,18,10.00,0,2026-08-18T10:00:00+05:30
pbd_7f8f44e4,flight_fare,far_3f5d30d0,3031.07,7476.65,INR,10,18,1.00,0,2026-08-18T10:00:00+05:30
pbd_6bcc20c4,flight_fare,far_dd496bc7,7907.04,19504.03,INR,10,18,10.00,0,2026-08-18T10:00:00+05:30
pbd_fe17c5f2,flight_fare,far_9a637e21,6892.19,17000.72,INR,8,30,50.00,0,2026-08-18T10:00:00+05:30
pbd_d8c9fa65,flight_fare,far_79969662,9609.49,23703.40,INR,10,30,50.00,0,2026-08-18T10:00:00+05:30
pbd_608817cb,flight_fare,far_a2c068cf,225.46,556.13,SGD,10,30,50.00,0,2026-08-18T10:00:00+05:30
pbd_7e5f79c9,flight_fare,far_5472d124,13792.74,34022.09,THB,10,30,50.00,0,2026-08-18T10:00:00+05:30
pbd_5a2ab63e,flight_fare,far_86060c96,4208.89,10381.92,INR,8,25,50.00,0,2026-08-18T10:00:00+05:30
pbd_503de9ec,flight_fare,far_55497389,653.29,1611.44,SGD,15,30,10.00,0,2026-08-18T10:00:00+05:30
pbd_d2530ff4,flight_fare,far_8d42a591,41312.75,101904.79,INR,5,25,1.00,0,2026-08-18T10:00:00+05:30
pbd_fad25126,flight_fare,far_a1b22b6a,1853.75,4572.59,MYR,10,18,50.00,0,2026-08-18T10:00:00+05:30
pbd_b5443ade,flight_fare,far_259421da,5749.38,14181.80,INR,15,18,10.00,0,2026-08-18T10:00:00+05:30
pbd_23c30940,flight_fare,far_aa6a9886,4366.89,10771.66,INR,5,25,1.00,0,2026-08-18T10:00:00+05:30
pbd_5c29b283,flight_fare,far_2417dc51,40908.47,100907.57,INR,10,30,10.00,0,2026-08-18T10:00:00+05:30
pbd_a21e8980,flight_fare,far_56bb9242,1976.24,4874.71,INR,10,25,10.00,0,2026-08-18T10:00:00+05:30
pbd_3665fc87,flight_fare,far_a8c3fb8e,11685.64,28824.57,INR,5,25,10.00,0,2026-08-18T10:00:00+05:30
pbd_27496fbf,flight_fare,far_34c132c5,24583.79,60640.00,INR,5,18,10.00,1,2026-08-18T10:00:00+05:30
pbd_8a7eeeba,flight_fare,far_28d47b4a,3866.77,9538.03,THB,15,18,1.00,0,2026-08-18T10:00:00+05:30
pbd_0c57f08d,flight_fare,far_0ef140f3,24924.71,61480.94,INR,5,30,1.00,1,2026-08-18T10:00:00+05:30
pbd_4e90aedb,flight_fare,far_0df1d304,4463.93,11011.03,INR,15,30,1.00,0,2026-08-18T10:00:00+05:30
pbd_dbc668f7,flight_fare,far_24a512d9,14686.23,36226.03,INR,15,18,50.00,0,2026-08-18T10:00:00+05:30
pbd_cf7ff8db,flight_fare,far_b2d41455,5382.89,13277.80,INR,5,18,1.00,0,2026-08-18T10:00:00+05:30
pbd_a2efcf02,flight_fare,far_449ab105,7680.53,18945.30,INR,8,30,1.00,0,2026-08-18T10:00:00+05:30
pbd_0769ec1a,flight_fare,far_c23cf27d,144.52,356.48,SGD,8,18,1.00,0,2026-08-18T10:00:00+05:30
pbd_474cf5d3,flight_fare,far_3b43b418,11049.10,27254.44,INR,15,25,10.00,0,2026-08-18T10:00:00+05:30
pbd_7eeb7eb9,flight_fare,far_41728c47,4599.92,11346.48,INR,8,18,1.00,0,2026-08-18T10:00:00+05:30
pbd_7afd7cc8,flight_fare,far_2088e597,4077.85,10058.69,INR,15,30,1.00,0,2026-08-18T10:00:00+05:30
pbd_fc055dfe,flight_fare,far_cdf6e53b,4379.81,10803.52,THB,10,25,1.00,0,2026-08-18T10:00:00+05:30
pbd_f4077754,flight_fare,far_feb1c620,15525.06,38295.15,INR,15,25,10.00,0,2026-08-18T10:00:00+05:30
pbd_3f2da079,flight_fare,far_106ad239,1439515.28,3550804.36,IDR,10,30,50.00,0,2026-08-18T10:00:00+05:30
pbd_fc9f3117,flight_fare,far_510d145b,27835.65,68661.27,INR,10,30,1.00,0,2026-08-18T10:00:00+05:30
pbd_9a55f73f,flight_fare,far_1db46aa5,4198.05,10355.19,INR,15,25,10.00,0,2026-08-18T10:00:00+05:30
pbd_c32e1cff,flight_fare,far_6e782122,7051466.45,17393617.23,IDR,10,18,50.00,0,2026-08-18T10:00:00+05:30
pbd_60c4d307,flight_fare,far_c52c22cf,82440.02,203352.04,INR,15,30,10.00,0,2026-08-18T10:00:00+05:30
pbd_19d26824,flight_fare,far_48d7e42b,8301.41,20476.80,INR,5,30,10.00,0,2026-08-18T10:00:00+05:30
pbd_1efa2c32,flight_fare,far_c8ddca10,14234.09,35110.74,INR,10,30,1.00,0,2026-08-18T10:00:00+05:30
pbd_26c245a1,flight_fare,far_5bf5339c,34188.93,84332.69,INR,8,30,1.00,0,2026-08-18T10:00:00+05:30
pbd_5c1f7e19,flight_fare,far_fd804ac9,15142.36,37351.15,INR,10,30,10.00,0,2026-08-18T10:00:00+05:30
pbd_b3145c64,flight_fare,far_ac5c341b,12307.25,30357.89,INR,15,30,50.00,0,2026-08-18T10:00:00+05:30
pbd_54366427,flight_fare,far_ce7c4a77,9261.75,22845.65,INR,10,25,1.00,0,2026-08-18T10:00:00+05:30
